200,253.79,50.758,1
61.697,285.6,17.197,0.98819
71.892,282.98,19.591,0.98717
79.109,281.21,21.234,0.98645
84.197,280,22.361,0.98597
87.825,279.15,23.147,0.98569
90.387,278.56,23.689,0.98552
92.22,278.14,24.072,0.98539
93.535,277.84,24.343,0.98528
94.483,277.63,24.536,0.9852
95.171,277.47,24.675,0.98511
95.661,277.36,24.774,0.98502
96,277.28,24.841,0.98491
96.231,277.23,24.885,0.9848
96.396,277.19,24.917,0.98469
96.524,277.16,24.942,0.98458
96.633,277.14,24.964,0.98447
96.679,277.13,24.972,0.98436
96.739,277.12,24.985,0.98423
96.797,277.1,24.997,0.98411
96.864,277.09,25.013,0.98397
96.802,277.1,24.996,0.98383
96.826,277.1,25.001,0.98369
96.855,277.09,25.008,0.98356
96.9,277.08,25.019,0.98343
96.836,277.09,25.003,0.98329
96.852,277.09,25.006,0.98316
96.878,277.08,25.013,0.98303
96.922,277.07,25.024,0.9829
96.844,277.09,25.004,0.98275
96.856,277.09,25.007,0.98261
96.877,277.08,25.012,0.98248
96.917,277.08,25.022,0.98235
96.847,277.09,25.005,0.98221
96.86,277.09,25.008,0.98208
96.883,277.08,25.014,0.98195
96.925,277.07,25.025,0.98181
96.847,277.09,25.005,0.98167
96.859,277.09,25.007,0.98153
96.879,277.08,25.013,0.9814
96.918,277.08,25.023,0.98127
96.848,277.09,25.005,0.98113
96.861,277.09,25.008,0.98099
96.883,277.08,25.014,0.98086
96.925,277.07,25.024,0.98073
96.848,277.09,25.005,0.98059
96.859,277.09,25.008,0.98045
96.879,277.08,25.013,0.98032
96.918,277.08,25.023,0.98018
96.848,277.09,25.005,0.98004
96.861,277.09,25.008,0.97991
96.883,277.08,25.014,0.97978
96.925,277.07,25.024,0.97965
96.848,277.09,25.005,0.9795
96.859,277.09,25.008,0.97937
96.88,277.08,25.013,0.97923
96.919,277.07,25.023,0.9791
96.848,277.09,25.005,0.97896
96.86,277.09,25.008,0.97883
96.883,277.08,25.014,0.9787
96.925,277.07,25.024,0.97856
96.848,277.09,25.005,0.97842
96.859,277.09,25.008,0.97828
96.88,277.08,25.013,0.97815
96.919,277.07,25.023,0.97802
96.848,277.09,25.005,0.97788
96.86,277.09,25.008,0.97775
96.883,277.08,25.014,0.97762
96.924,277.07,25.024,0.97748
96.848,277.09,25.005,0.97734
96.859,277.09,25.008,0.9772
96.88,277.08,25.013,0.97707
96.919,277.07,25.023,0.97694
96.848,277.09,25.005,0.9768
96.86,277.09,25.008,0.97666
96.883,277.08,25.014,0.97653
96.924,277.07,25.024,0.9764
96.848,277.09,25.005,0.97626
96.859,277.09,25.008,0.97612
96.88,277.08,25.013,0.97599
96.919,277.07,25.023,0.97586
96.848,277.09,25.005,0.97572
96.86,277.09,25.008,0.97558
96.883,277.08,25.014,0.97545
96.924,277.07,25.024,0.97532
96.848,277.09,25.005,0.97518
96.859,277.09,25.008,0.97504
96.88,277.08,25.013,0.97491
96.92,277.07,25.023,0.97477
96.848,277.09,25.005,0.97463
96.86,277.09,25.008,0.9745
96.883,277.08,25.014,0.97437
96.924,277.07,25.024,0.97424
96.848,277.09,25.005,0.97409
96.859,277.09,25.008,0.97396
96.88,277.08,25.013,0.97382
96.92,277.07,25.023,0.97369
96.848,277.09,25.005,0.97355
96.86,277.09,25.008,0.97342
96.882,277.08,25.014,0.97329
96.923,277.07,25.024,0.97315
96.848,277.09,25.005,0.97301
96.859,277.09,25.008,0.97287
96.88,277.08,25.013,0.97274
96.92,277.07,25.023,0.97261
96.848,277.09,25.005,0.97247
96.86,277.09,25.008,0.97234
96.882,277.08,25.014,0.9722
96.923,277.07,25.024,0.97207
96.848,277.09,25.005,0.97193
96.859,277.09,25.008,0.97179
96.88,277.08,25.013,0.97166
96.92,277.07,25.023,0.97153
96.848,277.09,25.005,0.97139
96.86,277.09,25.008,0.97125
96.882,277.08,25.013,0.97112
96.923,277.07,25.024,0.97099
96.848,277.09,25.005,0.97085
96.859,277.09,25.008,0.97071
96.88,277.08,25.013,0.97058
96.92,277.07,25.023,0.97045
96.848,277.09,25.005,0.97031
96.86,277.09,25.008,0.97017
96.882,277.08,25.013,0.97004
96.923,277.07,25.024,0.96991
96.848,277.09,25.005,0.96977
96.859,277.09,25.008,0.96963
96.881,277.08,25.013,0.9695
96.92,277.07,25.023,0.96936
96.848,277.09,25.005,0.96922
96.86,277.09,25.008,0.96909
96.882,277.08,25.013,0.96896
96.923,277.07,25.024,0.96882
96.848,277.09,25.005,0.96868
96.859,277.09,25.008,0.96855
96.881,277.08,25.013,0.96842
96.921,277.07,25.023,0.96828
96.848,277.09,25.005,0.96814
96.86,277.09,25.008,0.96801
96.882,277.08,25.013,0.96788
96.923,277.07,25.024,0.96774
96.848,277.09,25.005,0.9676
96.859,277.09,25.008,0.96747
96.881,277.08,25.013,0.96733
96.921,277.07,25.023,0.9672
96.848,277.09,25.005,0.96706
96.86,277.09,25.008,0.96693
96.882,277.08,25.013,0.96679
96.923,277.07,25.024,0.96666
96.848,277.09,25.005,0.96652
96.859,277.09,25.008,0.96638
96.881,277.08,25.013,0.96625
96.921,277.07,25.023,0.96612
96.848,277.09,25.005,0.96598
96.86,277.09,25.008,0.96584
96.882,277.08,25.013,0.96571
96.923,277.07,25.024,0.96558
96.848,277.09,25.005,0.96544
96.859,277.09,25.008,0.9653
96.881,277.08,25.013,0.96517
96.921,277.07,25.023,0.96504
96.848,277.09,25.005,0.9649
96.86,277.09,25.008,0.96476
96.882,277.08,25.013,0.96463
96.922,277.07,25.024,0.9645
96.848,277.09,25.005,0.96436
96.859,277.09,25.008,0.96422
96.881,277.08,25.013,0.96409
96.921,277.07,25.023,0.96396
96.848,277.09,25.005,0.96381
96.86,277.09,25.008,0.96368
96.882,277.08,25.013,0.96355
96.922,277.07,25.024,0.96342
96.848,277.09,25.005,0.96327
96.859,277.09,25.008,0.96314
96.881,277.08,25.013,0.96301
96.921,277.07,25.023,0.96287
96.848,277.09,25.005,0.96273
96.86,277.09,25.008,0.9626
96.882,277.08,25.013,0.96247
96.922,277.07,25.024,0.96233
96.848,277.09,25.005,0.96219
96.859,277.09,25.008,0.96206
96.881,277.08,25.013,0.96192
96.921,277.07,25.023,0.96179
96.848,277.09,25.005,0.96165
96.86,277.09,25.008,0.96152
96.882,277.08,25.013,0.96138
96.922,277.07,25.024,0.96125
96.848,277.09,25.005,0.96111
96.859,277.09,25.008,0.96097
96.881,277.08,25.013,0.96084
96.921,277.07,25.023,0.96071
96.848,277.09,25.005,0.96057
96.86,277.09,25.008,0.96043
96.882,277.08,25.013,0.9603
96.922,277.07,25.024,0.96017
96.848,277.09,25.005,0.96003
96.86,277.09,25.008,0.95989
96.881,277.08,25.013,0.95976
96.921,277.07,25.023,0.95963
96.848,277.09,25.005,0.95949
96.86,277.09,25.008,0.95935
96.882,277.08,25.013,0.95922
96.922,277.07,25.024,0.95909
96.848,277.09,25.005,0.95895
96.86,277.09,25.008,0.95881
96.881,277.08,25.013,0.95868
96.921,277.07,25.023,0.95855
96.848,277.09,25.005,0.95841
96.86,277.09,25.008,0.95827
96.882,277.08,25.013,0.95814
96.922,277.07,25.024,0.95801
96.848,277.09,25.005,0.95786
96.86,277.09,25.008,0.95773
96.881,277.08,25.013,0.9576
96.921,277.07,25.023,0.95746
96.848,277.09,25.005,0.95732
96.86,277.09,25.008,0.95719
96.882,277.08,25.013,0.95706
96.922,277.07,25.024,0.95692
96.848,277.09,25.005,0.95678
96.86,277.09,25.008,0.95665
96.881,277.08,25.013,0.95652
96.921,277.07,25.023,0.95638
96.848,277.09,25.005,0.95624
96.86,277.09,25.008,0.95611
96.882,277.08,25.013,0.95598
96.922,277.07,25.024,0.95584
96.848,277.09,25.005,0.9557
96.86,277.09,25.008,0.95557
96.881,277.08,25.013,0.95543
96.921,277.07,25.023,0.9553
96.848,277.09,25.005,0.95516
96.86,277.09,25.008,0.95503
96.882,277.08,25.013,0.95489
96.922,277.07,25.024,0.95476
96.848,277.09,25.005,0.95462
96.86,277.09,25.008,0.95448
96.881,277.08,25.013,0.95435
96.921,277.07,25.024,0.95422
96.848,277.09,25.005,0.95408
96.86,277.09,25.008,0.95394
96.882,277.08,25.013,0.95381
96.922,277.07,25.024,0.95368
96.848,277.09,25.005,0.95354
96.86,277.09,25.008,0.9534
96.881,277.08,25.013,0.95327
96.921,277.07,25.024,0.95314
96.848,277.09,25.005,0.953
96.86,277.09,25.008,0.95286
96.881,277.08,25.013,0.95273
96.922,277.07,25.024,0.9526
96.848,277.09,25.005,0.95246
96.86,277.09,25.008,0.95232
96.881,277.08,25.013,0.95219
96.921,277.07,25.024,0.95206
96.848,277.09,25.005,0.95191
96.86,277.09,25.008,0.95178
96.881,277.08,25.013,0.95165
96.922,277.07,25.024,0.95152
96.848,277.09,25.005,0.95137
96.86,277.09,25.008,0.95124
96.881,277.08,25.013,0.95111
96.921,277.07,25.024,0.95097
96.848,277.09,25.005,0.95083
96.86,277.09,25.008,0.9507
96.881,277.08,25.013,0.95057
96.922,277.07,25.024,0.95043
96.848,277.09,25.005,0.95029
96.86,277.09,25.008,0.95016
96.881,277.08,25.013,0.95003
96.921,277.07,25.024,0.94989
96.848,277.09,25.005,0.94975
96.86,277.09,25.008,0.94962
96.881,277.08,25.013,0.94948
96.922,277.07,25.024,0.94935
96.848,277.09,25.005,0.94921
96.86,277.09,25.008,0.94907
96.881,277.08,25.013,0.94894
96.921,277.07,25.024,0.94881
96.848,277.09,25.005,0.94867
96.86,277.09,25.008,0.94853
96.881,277.08,25.013,0.9484
96.922,277.07,25.024,0.94827
96.848,277.09,25.005,0.94813
96.86,277.09,25.008,0.94799
96.881,277.08,25.013,0.94786
96.921,277.07,25.024,0.94773
96.848,277.09,25.005,0.94759
96.86,277.09,25.008,0.94745
96.881,277.08,25.013,0.94732
96.922,277.07,25.024,0.94719
96.848,277.09,25.005,0.94705
96.86,277.09,25.008,0.94691
96.881,277.08,25.013,0.94678
96.922,277.07,25.024,0.94665
96.848,277.09,25.005,0.94651
96.86,277.09,25.008,0.94637
96.881,277.08,25.013,0.94624
96.922,277.07,25.024,0.94611
96.848,277.09,25.005,0.94596
96.86,277.09,25.008,0.94583
96.881,277.08,25.013,0.9457
96.922,277.07,25.024,0.94556
96.848,277.09,25.005,0.94542
96.86,277.09,25.008,0.94529
96.881,277.08,25.013,0.94516
96.922,277.07,25.024,0.94502
96.848,277.09,25.005,0.94488
96.86,277.09,25.008,0.94475
96.881,277.08,25.013,0.94462
96.922,277.07,25.024,0.94448
96.848,277.09,25.005,0.94434
96.86,277.09,25.008,0.94421
96.881,277.08,25.013,0.94408
96.922,277.07,25.024,0.94394
96.848,277.09,25.005,0.9438
96.86,277.09,25.008,0.94367
96.881,277.08,25.013,0.94353
96.922,277.07,25.024,0.9434
96.848,277.09,25.005,0.94326
96.86,277.09,25.008,0.94312
96.881,277.08,25.013,0.94299
96.922,277.07,25.024,0.94286
96.848,277.09,25.005,0.94272
96.86,277.09,25.008,0.94258
96.881,277.08,25.013,0.94245
96.922,277.07,25.024,0.94232
96.848,277.09,25.005,0.94218
96.86,277.09,25.008,0.94204
96.881,277.08,25.013,0.94191
96.922,277.07,25.024,0.94178
96.848,277.09,25.005,0.94164
96.86,277.09,25.008,0.9415
96.881,277.08,25.013,0.94137
96.922,277.07,25.024,0.94124
96.848,277.09,25.005,0.9411
96.86,277.09,25.008,0.94096
96.881,277.08,25.013,0.94083
96.922,277.07,25.024,0.9407
96.848,277.09,25.005,0.94056
96.86,277.09,25.008,0.94042
96.881,277.08,25.013,0.94029
96.922,277.07,25.024,0.94016
96.848,277.09,25.005,0.94001
96.86,277.09,25.008,0.93988
96.881,277.08,25.013,0.93975
96.922,277.07,25.024,0.93962
96.848,277.09,25.005,0.93947
96.86,277.09,25.008,0.93934
96.881,277.08,25.013,0.93921
96.922,277.07,25.024,0.93907
96.848,277.09,25.005,0.93893
96.86,277.09,25.008,0.9388
96.881,277.08,25.013,0.93867
96.922,277.07,25.024,0.93853
96.848,277.09,25.005,0.93839
96.86,277.09,25.008,0.93826
96.881,277.08,25.013,0.93813
96.922,277.07,25.024,0.93799
96.848,277.09,25.005,0.93785
96.86,277.09,25.008,0.93772
96.881,277.08,25.013,0.93758
96.922,277.07,25.024,0.93745
49.438,289.05,12.67,0.93192
39.691,292.14,10.264,0.93099
33.012,294.53,8.61,0.93037
28.447,296.36,7.4765,0.92997
25.313,297.73,6.6969,0.92976
23.162,298.74,6.1612,0.92964
21.698,299.47,5.7966,0.92952
20.688,300,5.5446,0.92943
20.001,300.36,5.3737,0.92933
19.524,300.62,5.2548,0.92923
19.204,300.8,5.1751,0.92912
18.977,300.93,5.1185,0.929
18.829,301.01,5.0818,0.92888
18.719,301.08,5.0544,0.92876
18.652,301.11,5.0379,0.92863
18.598,301.15,5.0241,0.9285
18.569,301.16,5.0172,0.92838
18.54,301.18,5.0097,0.92824
18.53,301.18,5.0077,0.92812
18.481,301.21,4.9938,0.928
18.507,301.2,5.0015,0.92787
18.506,301.2,5.0016,0.92774
18.496,301.2,4.9987,0.9276
18.5,301.2,5.0002,0.92748
18.39,301.27,4.968,0.92736
18.439,301.24,4.9825,0.92722
18.469,301.22,4.9911,0.92709
18.491,301.21,4.9975,0.92694
18.497,301.2,4.9993,0.92683
18.466,301.22,4.9904,0.9267
18.487,301.21,4.9966,0.92658
18.494,301.21,4.9984,0.92644
18.497,301.2,4.9994,0.92629
18.495,301.2,4.9988,0.92616
18.393,301.26,4.9692,0.92603
18.442,301.23,4.9834,0.9259
18.46,301.22,4.9885,0.92576
18.49,301.21,4.9973,0.92563
18.496,301.2,4.9991,0.92552
18.479,301.21,4.9943,0.92539
18.487,301.21,4.9966,0.92525
18.426,301.24,4.9786,0.92511
18.475,301.22,4.9931,0.92497
18.419,301.25,4.9768,0.92483
18.456,301.23,4.9874,0.9247
18.41,301.25,4.974,0.92457
18.45,301.23,4.9859,0.92443
18.394,301.26,4.9695,0.9243
18.442,301.23,4.9835,0.92417
18.46,301.22,4.9887,0.92403
18.49,301.21,4.9973,0.92391
18.496,301.2,4.9991,0.92379
18.479,301.21,4.9942,0.92366
18.487,301.21,4.9966,0.92352
18.494,301.21,4.9984,0.92339
18.496,301.2,4.9992,0.92325
18.491,301.21,4.9976,0.92313
18.495,301.2,4.999,0.923
18.489,301.21,4.9971,0.92286
18.496,301.2,4.9991,0.92274
18.462,301.22,4.9893,0.92262
18.488,301.21,4.9969,0.92249
18.493,301.21,4.9983,0.92236
18.472,301.22,4.9921,0.92223
18.489,301.21,4.997,0.92209
18.496,301.2,4.999,0.92197
18.467,301.22,4.9907,0.92185
18.488,301.21,4.9968,0.92172
18.494,301.2,4.9986,0.92159
18.389,301.27,4.9679,0.92146
18.44,301.24,4.9829,0.92133
18.46,301.22,4.9886,0.92119
18.49,301.21,4.9973,0.92106
18.496,301.2,4.9991,0.92095
18.479,301.21,4.9943,0.92082
18.487,301.21,4.9966,0.92068
18.424,301.25,4.9782,0.92054
18.476,301.22,4.9934,0.92039
18.423,301.25,4.978,0.92026
18.457,301.23,4.9878,0.92012
18.413,301.25,4.975,0.91999
18.452,301.23,4.9864,0.91986
18.398,301.26,4.9707,0.91973
18.445,301.23,4.9842,0.91959
18.457,301.23,4.9878,0.91946
18.491,301.21,4.9976,0.91933
18.495,301.2,4.9989,0.9192
18.492,301.21,4.9981,0.91907
18.496,301.2,4.9992,0.91894
18.491,301.21,4.9978,0.91882
18.496,301.2,4.999,0.91869
18.492,301.21,4.998,0.91856
18.496,301.2,4.9991,0.91844
18.492,301.21,4.9979,0.91831
18.496,301.2,4.9991,0.91818
18.492,301.21,4.9979,0.91805
18.496,301.2,4.9991,0.91793
18.492,301.21,4.9979,0.9178
18.496,301.2,4.9991,0.91767
18.492,301.21,4.9979,0.91755
18.496,301.2,4.9991,0.91742
18.492,301.21,4.9979,0.91729
18.496,301.2,4.9991,0.91716
18.492,301.21,4.9979,0.91704
18.496,301.2,4.9991,0.91691
18.492,301.21,4.9979,0.91678
18.496,301.2,4.9991,0.91666
18.492,301.21,4.9979,0.91653
18.496,301.2,4.9991,0.9164
18.492,301.21,4.9979,0.91627
18.496,301.2,4.9991,0.91615
18.492,301.21,4.9979,0.91602
18.496,301.2,4.9991,0.91589
18.492,301.21,4.9979,0.91577
18.496,301.2,4.9991,0.91564
18.492,301.21,4.9979,0.91551
18.496,301.2,4.9991,0.91538
18.492,301.21,4.9979,0.91526
18.496,301.2,4.9991,0.91513
18.492,301.21,4.9979,0.915
18.496,301.2,4.9991,0.91488
18.492,301.21,4.9979,0.91475
18.496,301.2,4.9991,0.91462
18.492,301.21,4.9979,0.91449
18.496,301.2,4.9991,0.91437
18.492,301.21,4.9979,0.91424
18.496,301.2,4.9991,0.91411
18.492,301.21,4.9979,0.91399
18.496,301.2,4.9991,0.91386
18.492,301.21,4.9979,0.91373
18.496,301.2,4.9991,0.9136
18.492,301.21,4.9979,0.91348
18.496,301.2,4.9991,0.91335
18.492,301.21,4.9979,0.91322
18.496,301.2,4.9991,0.9131
18.492,301.21,4.9979,0.91297
18.496,301.2,4.9991,0.91284
18.492,301.21,4.9979,0.91271
18.496,301.2,4.9991,0.91259
18.492,301.21,4.9979,0.91246
18.496,301.2,4.9991,0.91233
18.492,301.21,4.9979,0.91221
18.496,301.2,4.9991,0.91208
18.492,301.21,4.9979,0.91195
18.496,301.2,4.9991,0.91182
18.492,301.21,4.9979,0.9117
18.496,301.2,4.9991,0.91157
18.492,301.21,4.9979,0.91144
18.496,301.2,4.9991,0.91132
18.492,301.21,4.9979,0.91119
18.496,301.2,4.9991,0.91106
18.492,301.21,4.9979,0.91093
18.496,301.2,4.9991,0.91081
18.492,301.21,4.9979,0.91068
18.496,301.2,4.9991,0.91055
18.492,301.21,4.9979,0.91043
18.496,301.2,4.9991,0.9103
18.492,301.21,4.9979,0.91017
18.496,301.2,4.9991,0.91005
18.492,301.21,4.9979,0.90992
18.496,301.2,4.9991,0.90979
18.492,301.21,4.9979,0.90966
18.496,301.2,4.9991,0.90954
18.492,301.21,4.9979,0.90941
18.496,301.2,4.9991,0.90928
18.492,301.21,4.9979,0.90915
18.496,301.2,4.9991,0.90903
18.492,301.21,4.9979,0.9089
18.496,301.2,4.9991,0.90877
18.492,301.21,4.9979,0.90865
18.496,301.2,4.9991,0.90852
18.492,301.21,4.9979,0.90839
18.496,301.2,4.9991,0.90827
18.492,301.21,4.9979,0.90814
18.496,301.2,4.9991,0.90801
18.492,301.21,4.9979,0.90788
18.496,301.2,4.9991,0.90776
18.492,301.21,4.9979,0.90763
18.496,301.2,4.9991,0.9075
18.492,301.21,4.9979,0.90737
18.496,301.2,4.9991,0.90725
18.492,301.21,4.9979,0.90712
18.496,301.2,4.9991,0.90699
18.492,301.21,4.9979,0.90687
18.496,301.2,4.9991,0.90674
18.492,301.21,4.9979,0.90661
18.496,301.2,4.9991,0.90649
18.492,301.21,4.9979,0.90636
18.496,301.2,4.9991,0.90623
18.492,301.21,4.9979,0.9061
18.496,301.2,4.9991,0.90598
18.492,301.21,4.9979,0.90585
18.496,301.2,4.9991,0.90572
18.492,301.21,4.9979,0.90559
18.496,301.2,4.9991,0.90547
18.492,301.21,4.9979,0.90534
18.496,301.2,4.9991,0.90521
18.492,301.21,4.9979,0.90509
18.496,301.2,4.9991,0.90496
18.492,301.21,4.9979,0.90483
18.496,301.2,4.9991,0.90471
18.492,301.21,4.9979,0.90458
18.496,301.2,4.9991,0.90445
18.492,301.21,4.9979,0.90432
18.496,301.2,4.9991,0.9042
18.492,301.21,4.9979,0.90407
18.496,301.2,4.9991,0.90394
18.492,301.21,4.9979,0.90381
18.496,301.2,4.9991,0.90369
18.492,301.21,4.9979,0.90356
18.496,301.2,4.9991,0.90343
18.492,301.21,4.9979,0.90331
18.496,301.2,4.9991,0.90318
18.492,301.21,4.9979,0.90305
18.496,301.2,4.9991,0.90293
18.492,301.21,4.9979,0.9028
18.496,301.2,4.9991,0.90267
18.492,301.21,4.9979,0.90254
18.496,301.2,4.9991,0.90242
18.492,301.21,4.9979,0.90229
18.496,301.2,4.9991,0.90216
18.492,301.21,4.9979,0.90203
18.496,301.2,4.9991,0.90191
18.492,301.21,4.9979,0.90178
18.496,301.2,4.9991,0.90165
18.492,301.21,4.9979,0.90153
18.496,301.2,4.9991,0.9014
18.492,301.21,4.9979,0.90127
18.496,301.2,4.9991,0.90115
18.492,301.21,4.9979,0.90102
18.496,301.2,4.9991,0.90089
18.492,301.21,4.9979,0.90076
18.496,301.2,4.9991,0.90064
18.492,301.21,4.9979,0.90051
18.496,301.2,4.9991,0.90038
18.492,301.21,4.9979,0.90025
18.496,301.2,4.9991,0.90013
18.492,301.21,4.9979,0.9
18.496,301.2,4.9991,0.89987
18.492,301.21,4.9979,0.89975
18.496,301.2,4.9991,0.89962
18.492,301.21,4.9979,0.89949
18.496,301.2,4.9991,0.89937
18.492,301.21,4.9979,0.89924
18.496,301.2,4.9991,0.89911
18.492,301.21,4.9979,0.89898
18.496,301.2,4.9991,0.89886
18.492,301.21,4.9979,0.89873
18.496,301.2,4.9991,0.8986
18.492,301.21,4.9979,0.89847
18.496,301.2,4.9991,0.89835
18.492,301.21,4.9979,0.89822
18.496,301.2,4.9991,0.89809
18.492,301.21,4.9979,0.89797
18.496,301.2,4.9991,0.89784
18.492,301.21,4.9979,0.89771
18.496,301.2,4.9991,0.89759
18.492,301.21,4.9979,0.89746
18.496,301.2,4.9991,0.89733
18.492,301.21,4.9979,0.8972
18.496,301.2,4.9991,0.89708
18.492,301.21,4.9979,0.89695
18.496,301.2,4.9991,0.89682
18.492,301.21,4.9979,0.89669
18.496,301.2,4.9991,0.89657
18.492,301.21,4.9979,0.89644
18.496,301.2,4.9991,0.89631
18.492,301.21,4.9979,0.89619
18.496,301.2,4.9991,0.89606
18.492,301.21,4.9979,0.89593
18.496,301.2,4.9991,0.89581
18.492,301.21,4.9979,0.89568
18.496,301.2,4.9991,0.89555
18.492,301.21,4.9979,0.89542
18.496,301.2,4.9991,0.8953
18.492,301.21,4.9979,0.89517
18.496,301.2,4.9991,0.89504
18.492,301.21,4.9979,0.89491
18.496,301.2,4.9991,0.89479
18.492,301.21,4.9979,0.89466
18.496,301.2,4.9991,0.89453
18.492,301.21,4.9979,0.89441
18.496,301.2,4.9991,0.89428
18.492,301.21,4.9979,0.89415
18.496,301.2,4.9991,0.89403
18.492,301.21,4.9979,0.8939
18.496,301.2,4.9991,0.89377
18.492,301.21,4.9979,0.89364
18.496,301.2,4.9991,0.89352
18.492,301.21,4.9979,0.89339
18.496,301.2,4.9991,0.89326
18.492,301.21,4.9979,0.89313
18.496,301.2,4.9991,0.89301
18.492,301.21,4.9979,0.89288
18.496,301.2,4.9991,0.89275
18.492,301.21,4.9979,0.89263
18.496,301.2,4.9991,0.8925
18.492,301.21,4.9979,0.89237
18.496,301.2,4.9991,0.89225
18.492,301.21,4.9979,0.89212
18.496,301.2,4.9991,0.89199
18.492,301.21,4.9979,0.89186
18.496,301.2,4.9991,0.89174
18.492,301.21,4.9979,0.89161
18.496,301.2,4.9991,0.89148
18.492,301.21,4.9979,0.89135
18.496,301.2,4.9991,0.89123
18.492,301.21,4.9979,0.8911
18.496,301.2,4.9991,0.89097
18.492,301.21,4.9979,0.89085
18.496,301.2,4.9991,0.89072
18.492,301.21,4.9979,0.89059
18.496,301.2,4.9991,0.89047
18.492,301.21,4.9979,0.89034
18.496,301.2,4.9991,0.89021
18.492,301.21,4.9979,0.89008
18.496,301.2,4.9991,0.88996
18.492,301.21,4.9979,0.88983
18.496,301.2,4.9991,0.8897
18.492,301.21,4.9979,0.88957
18.496,301.2,4.9991,0.88945
18.492,301.21,4.9979,0.88932
18.496,301.2,4.9991,0.88919
18.492,301.21,4.9979,0.88907
18.496,301.2,4.9991,0.88894
18.492,301.21,4.9979,0.88881
18.496,301.2,4.9991,0.88869
18.492,301.21,4.9979,0.88856
18.496,301.2,4.9991,0.88843
18.492,301.21,4.9979,0.8883
18.496,301.2,4.9991,0.88818
18.492,301.21,4.9979,0.88805
18.496,301.2,4.9991,0.88792
18.492,301.21,4.9979,0.88779
18.496,301.2,4.9991,0.88767
18.492,301.21,4.9979,0.88754
18.496,301.2,4.9991,0.88741
18.492,301.21,4.9979,0.88729
18.496,301.2,4.9991,0.88716
18.492,301.21,4.9979,0.88703
18.496,301.2,4.9991,0.88691
18.492,301.21,4.9979,0.88678
18.496,301.2,4.9991,0.88665
18.492,301.21,4.9979,0.88652
18.496,301.2,4.9991,0.8864
18.492,301.21,4.9979,0.88627
18.496,301.2,4.9991,0.88614
18.492,301.21,4.9979,0.88601
18.496,301.2,4.9991,0.88589
18.492,301.21,4.9979,0.88576
18.496,301.2,4.9991,0.88563
18.492,301.21,4.9979,0.88551
18.496,301.2,4.9991,0.88538
18.492,301.21,4.9979,0.88525
18.496,301.2,4.9991,0.88513
18.492,301.21,4.9979,0.885
18.496,301.2,4.9991,0.88487
18.492,301.21,4.9979,0.88474
18.496,301.2,4.9991,0.88462
18.492,301.21,4.9979,0.88449
18.496,301.2,4.9991,0.88436
18.492,301.21,4.9979,0.88423
18.496,301.2,4.9991,0.88411
18.492,301.21,4.9979,0.88398
18.496,301.2,4.9991,0.88385
18.492,301.21,4.9979,0.88373
18.496,301.2,4.9991,0.8836
18.492,301.21,4.9979,0.88347
18.496,301.2,4.9991,0.88335
18.492,301.21,4.9979,0.88322
18.496,301.2,4.9991,0.88309
18.492,301.21,4.9979,0.88296
18.496,301.2,4.9991,0.88284
18.492,301.21,4.9979,0.88271
18.496,301.2,4.9991,0.88258
18.492,301.21,4.9979,0.88245
18.496,301.2,4.9991,0.88233
18.492,301.21,4.9979,0.8822
18.496,301.2,4.9991,0.88207
18.492,301.21,4.9979,0.88195
18.496,301.2,4.9991,0.88182
18.492,301.21,4.9979,0.88169
18.496,301.2,4.9991,0.88157
18.492,301.21,4.9979,0.88144
18.496,301.2,4.9991,0.88131
18.492,301.21,4.9979,0.88118
18.496,301.2,4.9991,0.88106
18.492,301.21,4.9979,0.88093
18.496,301.2,4.9991,0.8808
18.492,301.21,4.9979,0.88067
18.496,301.2,4.9991,0.88055
18.492,301.21,4.9979,0.88042
18.496,301.2,4.9991,0.88029
18.492,301.21,4.9979,0.88017
18.496,301.2,4.9991,0.88004
18.492,301.21,4.9979,0.87991
18.496,301.2,4.9991,0.87979
18.492,301.21,4.9979,0.87966
18.496,301.2,4.9991,0.87953
18.492,301.21,4.9979,0.8794
18.496,301.2,4.9991,0.87928
18.492,301.21,4.9979,0.87915
18.496,301.2,4.9991,0.87902
18.492,301.21,4.9979,0.8789
18.496,301.2,4.9991,0.87877
18.492,301.21,4.9979,0.87864
18.496,301.2,4.9991,0.87851
18.492,301.21,4.9979,0.87839
18.496,301.2,4.9991,0.87826
18.492,301.21,4.9979,0.87813
18.496,301.2,4.9991,0.87801
18.492,301.21,4.9979,0.87788
18.496,301.2,4.9991,0.87775
18.492,301.21,4.9979,0.87762
18.496,301.2,4.9991,0.8775
18.492,301.21,4.9979,0.87737
18.496,301.2,4.9991,0.87724
18.492,301.21,4.9979,0.87712
18.496,301.2,4.9991,0.87699
18.492,301.21,4.9979,0.87686
18.496,301.2,4.9991,0.87673
18.492,301.21,4.9979,0.87661
18.496,301.2,4.9991,0.87648
18.492,301.21,4.9979,0.87635
18.496,301.2,4.9991,0.87623
18.492,301.21,4.9979,0.8761
18.496,301.2,4.9991,0.87597
18.492,301.21,4.9979,0.87584
18.496,301.2,4.9991,0.87572
18.492,301.21,4.9979,0.87559
18.496,301.2,4.9991,0.87546
18.492,301.21,4.9979,0.87534
18.496,301.2,4.9991,0.87521
18.492,301.21,4.9979,0.87508
18.496,301.2,4.9991,0.87495
18.492,301.21,4.9979,0.87483
18.496,301.2,4.9991,0.8747
18.492,301.21,4.9979,0.87457
18.496,301.2,4.9991,0.87445
18.492,301.21,4.9979,0.87432
18.496,301.2,4.9991,0.87419
18.492,301.21,4.9979,0.87406
18.496,301.2,4.9991,0.87394
18.492,301.21,4.9979,0.87381
18.496,301.2,4.9991,0.87368
18.492,301.21,4.9979,0.87356
18.496,301.2,4.9991,0.87343
18.492,301.21,4.9979,0.8733
18.496,301.2,4.9991,0.87317
18.492,301.21,4.9979,0.87305
18.496,301.2,4.9991,0.87292
18.492,301.21,4.9979,0.87279
18.496,301.2,4.9991,0.87267
18.492,301.21,4.9979,0.87254
18.496,301.2,4.9991,0.87241
18.492,301.21,4.9979,0.87228
18.496,301.2,4.9991,0.87216
18.492,301.21,4.9979,0.87203
18.496,301.2,4.9991,0.8719
18.492,301.21,4.9979,0.87178
18.496,301.2,4.9991,0.87165
18.492,301.21,4.9979,0.87152
18.496,301.2,4.9991,0.87139
18.492,301.21,4.9979,0.87127
18.496,301.2,4.9991,0.87114
18.492,301.21,4.9979,0.87101
18.496,301.2,4.9991,0.87089
18.492,301.21,4.9979,0.87076
18.496,301.2,4.9991,0.87063
18.492,301.21,4.9979,0.8705
18.496,301.2,4.9991,0.87038
18.492,301.21,4.9979,0.87025
18.496,301.2,4.9991,0.87012
18.492,301.21,4.9979,0.87
18.496,301.2,4.9991,0.86987
18.492,301.21,4.9979,0.86974
18.496,301.2,4.9991,0.86961
18.492,301.21,4.9979,0.86949
18.496,301.2,4.9991,0.86936
18.492,301.21,4.9979,0.86923
18.496,301.2,4.9991,0.86911
18.492,301.21,4.9979,0.86898
18.496,301.2,4.9991,0.86885
18.492,301.21,4.9979,0.86872
18.496,301.2,4.9991,0.8686
18.492,301.21,4.9979,0.86847
18.496,301.2,4.9991,0.86834
18.492,301.21,4.9979,0.86822
18.496,301.2,4.9991,0.86809
18.492,301.21,4.9979,0.86796
18.496,301.2,4.9991,0.86783
18.492,301.21,4.9979,0.86771
18.496,301.2,4.9991,0.86758
18.492,301.21,4.9979,0.86745
18.496,301.2,4.9991,0.86733
18.492,301.21,4.9979,0.8672
18.496,301.2,4.9991,0.86707
18.492,301.21,4.9979,0.86694
18.496,301.2,4.9991,0.86682
18.492,301.21,4.9979,0.86669
18.496,301.2,4.9991,0.86656
18.492,301.21,4.9979,0.86644
18.496,301.2,4.9991,0.86631
18.492,301.21,4.9979,0.86618
18.496,301.2,4.9991,0.86605
18.492,301.21,4.9979,0.86593
18.496,301.2,4.9991,0.8658
18.492,301.21,4.9979,0.86567
18.496,301.2,4.9991,0.86555
18.492,301.21,4.9979,0.86542
18.496,301.2,4.9991,0.86529
18.492,301.21,4.9979,0.86516
18.496,301.2,4.9991,0.86504
18.492,301.21,4.9979,0.86491
18.496,301.2,4.9991,0.86478
18.492,301.21,4.9979,0.86466
18.496,301.2,4.9991,0.86453
18.492,301.21,4.9979,0.8644
18.496,301.2,4.9991,0.86427
18.492,301.21,4.9979,0.86415
18.496,301.2,4.9991,0.86402
18.492,301.21,4.9979,0.86389
18.496,301.2,4.9991,0.86377
18.492,301.21,4.9979,0.86364
18.496,301.2,4.9991,0.86351
18.492,301.21,4.9979,0.86338
18.496,301.2,4.9991,0.86326
18.492,301.21,4.9979,0.86313
18.496,301.2,4.9991,0.863
18.492,301.21,4.9979,0.86288
18.496,301.2,4.9991,0.86275
18.492,301.21,4.9979,0.86262
18.496,301.2,4.9991,0.8625
18.492,301.21,4.9979,0.86237
18.496,301.2,4.9991,0.86224
18.492,301.21,4.9979,0.86211
18.496,301.2,4.9991,0.86199
18.492,301.21,4.9979,0.86186
18.496,301.2,4.9991,0.86173
18.492,301.21,4.9979,0.8616
18.496,301.2,4.9991,0.86148
18.492,301.21,4.9979,0.86135
18.496,301.2,4.9991,0.86122
18.492,301.21,4.9979,0.8611
18.496,301.2,4.9991,0.86097
18.492,301.21,4.9979,0.86084
18.496,301.2,4.9991,0.86072
18.492,301.21,4.9979,0.86059
18.496,301.2,4.9991,0.86046
18.492,301.21,4.9979,0.86033
18.496,301.2,4.9991,0.86021
18.492,301.21,4.9979,0.86008
18.496,301.2,4.9991,0.85995
18.492,301.21,4.9979,0.85982
18.496,301.2,4.9991,0.8597
18.492,301.21,4.9979,0.85957
18.496,301.2,4.9991,0.85944
18.492,301.21,4.9979,0.85932
18.496,301.2,4.9991,0.85919
18.492,301.21,4.9979,0.85906
18.496,301.2,4.9991,0.85894
18.492,301.21,4.9979,0.85881
18.496,301.2,4.9991,0.85868
18.492,301.21,4.9979,0.85855
18.496,301.2,4.9991,0.85843
18.492,301.21,4.9979,0.8583
18.496,301.2,4.9991,0.85817
18.492,301.21,4.9979,0.85804
18.496,301.2,4.9991,0.85792
18.492,301.21,4.9979,0.85779
18.496,301.2,4.9991,0.85766
18.492,301.21,4.9979,0.85754
18.496,301.2,4.9991,0.85741
18.492,301.21,4.9979,0.85728
18.496,301.2,4.9991,0.85716
18.492,301.21,4.9979,0.85703
18.496,301.2,4.9991,0.8569
18.492,301.21,4.9979,0.85677
18.496,301.2,4.9991,0.85665
18.492,301.21,4.9979,0.85652
18.496,301.2,4.9991,0.85639
18.492,301.21,4.9979,0.85626
18.496,301.2,4.9991,0.85614
18.492,301.21,4.9979,0.85601
18.496,301.2,4.9991,0.85588
18.492,301.21,4.9979,0.85576
18.496,301.2,4.9991,0.85563
18.492,301.21,4.9979,0.8555
18.496,301.2,4.9991,0.85538
18.492,301.21,4.9979,0.85525
18.496,301.2,4.9991,0.85512
18.492,301.21,4.9979,0.85499
18.496,301.2,4.9991,0.85487
18.492,301.21,4.9979,0.85474
18.496,301.2,4.9991,0.85461
18.492,301.21,4.9979,0.85448
18.496,301.2,4.9991,0.85436
18.492,301.21,4.9979,0.85423
18.496,301.2,4.9991,0.8541
18.492,301.21,4.9979,0.85398
18.496,301.2,4.9991,0.85385
18.492,301.21,4.9979,0.85372
18.496,301.2,4.9991,0.8536
18.492,301.21,4.9979,0.85347
18.496,301.2,4.9991,0.85334
18.492,301.21,4.9979,0.85321
18.496,301.2,4.9991,0.85309
18.492,301.21,4.9979,0.85296
18.496,301.2,4.9991,0.85283
18.492,301.21,4.9979,0.8527
18.496,301.2,4.9991,0.85258
18.492,301.21,4.9979,0.85245
18.496,301.2,4.9991,0.85232
18.492,301.21,4.9979,0.8522
18.496,301.2,4.9991,0.85207
18.492,301.21,4.9979,0.85194
18.496,301.2,4.9991,0.85182
18.492,301.21,4.9979,0.85169
18.496,301.2,4.9991,0.85156
18.492,301.21,4.9979,0.85143
18.496,301.2,4.9991,0.85131
18.492,301.21,4.9979,0.85118
18.496,301.2,4.9991,0.85105
18.492,301.21,4.9979,0.85092
18.496,301.2,4.9991,0.8508
18.492,301.21,4.9979,0.85067
18.496,301.2,4.9991,0.85054
18.492,301.21,4.9979,0.85042
18.496,301.2,4.9991,0.85029
18.492,301.21,4.9979,0.85016
18.496,301.2,4.9991,0.85004
18.492,301.21,4.9979,0.84991
18.496,301.2,4.9991,0.84978
18.492,301.21,4.9979,0.84965
18.496,301.2,4.9991,0.84953
18.492,301.21,4.9979,0.8494
18.496,301.2,4.9991,0.84927
18.492,301.21,4.9979,0.84914
18.496,301.2,4.9991,0.84902
18.492,301.21,4.9979,0.84889
18.496,301.2,4.9991,0.84876
18.492,301.21,4.9979,0.84864
18.496,301.2,4.9991,0.84851
18.492,301.21,4.9979,0.84838
18.496,301.2,4.9991,0.84826
18.492,301.21,4.9979,0.84813
18.496,301.2,4.9991,0.848
18.492,301.21,4.9979,0.84787
18.496,301.2,4.9991,0.84775
18.492,301.21,4.9979,0.84762
18.496,301.2,4.9991,0.84749
18.492,301.21,4.9979,0.84736
18.496,301.2,4.9991,0.84724
18.492,301.21,4.9979,0.84711
18.496,301.2,4.9991,0.84698
18.492,301.21,4.9979,0.84686
18.496,301.2,4.9991,0.84673
18.492,301.21,4.9979,0.8466
18.496,301.2,4.9991,0.84648
18.492,301.21,4.9979,0.84635
18.496,301.2,4.9991,0.84622
18.492,301.21,4.9979,0.84609
18.496,301.2,4.9991,0.84597
18.492,301.21,4.9979,0.84584
18.496,301.2,4.9991,0.84571
18.492,301.21,4.9979,0.84558
18.496,301.2,4.9991,0.84546
18.492,301.21,4.9979,0.84533
18.496,301.2,4.9991,0.8452
18.492,301.21,4.9979,0.84508
18.496,301.2,4.9991,0.84495
18.492,301.21,4.9979,0.84482
18.496,301.2,4.9991,0.8447
18.492,301.21,4.9979,0.84457
18.496,301.2,4.9991,0.84444
18.492,301.21,4.9979,0.84431
18.496,301.2,4.9991,0.84419
18.492,301.21,4.9979,0.84406
18.496,301.2,4.9991,0.84393
18.492,301.21,4.9979,0.8438
18.496,301.2,4.9991,0.84368
18.492,301.21,4.9979,0.84355
18.496,301.2,4.9991,0.84342
18.492,301.21,4.9979,0.8433
18.496,301.2,4.9991,0.84317
18.492,301.21,4.9979,0.84304
18.496,301.2,4.9991,0.84292
18.492,301.21,4.9979,0.84279
18.496,301.2,4.9991,0.84266
18.492,301.21,4.9979,0.84253
18.496,301.2,4.9991,0.84241
18.492,301.21,4.9979,0.84228
18.496,301.2,4.9991,0.84215
18.492,301.21,4.9979,0.84202
18.496,301.2,4.9991,0.8419
18.492,301.21,4.9979,0.84177
18.496,301.2,4.9991,0.84164
18.492,301.21,4.9979,0.84152
18.496,301.2,4.9991,0.84139
18.492,301.21,4.9979,0.84126
18.496,301.2,4.9991,0.84114
18.492,301.21,4.9979,0.84101
18.496,301.2,4.9991,0.84088
18.492,301.21,4.9979,0.84075
18.496,301.2,4.9991,0.84063
18.492,301.21,4.9979,0.8405
18.496,301.2,4.9991,0.84037
18.492,301.21,4.9979,0.84024
18.496,301.2,4.9991,0.84012
18.492,301.21,4.9979,0.83999
18.496,301.2,4.9991,0.83986
18.492,301.21,4.9979,0.83974
18.496,301.2,4.9991,0.83961
18.492,301.21,4.9979,0.83948
18.496,301.2,4.9991,0.83936
18.492,301.21,4.9979,0.83923
18.496,301.2,4.9991,0.8391
18.492,301.21,4.9979,0.83897
18.496,301.2,4.9991,0.83885
18.492,301.21,4.9979,0.83872
18.496,301.2,4.9991,0.83859
18.492,301.21,4.9979,0.83846
18.496,301.2,4.9991,0.83834
18.492,301.21,4.9979,0.83821
18.496,301.2,4.9991,0.83808
18.492,301.21,4.9979,0.83796
18.496,301.2,4.9991,0.83783
18.492,301.21,4.9979,0.8377
18.496,301.2,4.9991,0.83758
18.492,301.21,4.9979,0.83745
18.496,301.2,4.9991,0.83732
18.492,301.21,4.9979,0.83719
18.496,301.2,4.9991,0.83707
18.492,301.21,4.9979,0.83694
18.496,301.2,4.9991,0.83681
18.492,301.21,4.9979,0.83668
18.496,301.2,4.9991,0.83656
18.492,301.21,4.9979,0.83643
18.496,301.2,4.9991,0.8363
18.492,301.21,4.9979,0.83618
18.496,301.2,4.9991,0.83605
18.492,301.21,4.9979,0.83592
18.496,301.2,4.9991,0.8358
18.492,301.21,4.9979,0.83567
18.496,301.2,4.9991,0.83554
18.492,301.21,4.9979,0.83541
18.496,301.2,4.9991,0.83529
18.492,301.21,4.9979,0.83516
18.496,301.2,4.9991,0.83503
18.492,301.21,4.9979,0.8349
18.496,301.2,4.9991,0.83478
18.492,301.21,4.9979,0.83465
18.496,301.2,4.9991,0.83452
18.492,301.21,4.9979,0.8344
18.496,301.2,4.9991,0.83427
18.492,301.21,4.9979,0.83414
18.496,301.2,4.9991,0.83402
18.492,301.21,4.9979,0.83389
18.496,301.2,4.9991,0.83376
18.492,301.21,4.9979,0.83363
18.496,301.2,4.9991,0.83351
18.492,301.21,4.9979,0.83338
18.496,301.2,4.9991,0.83325
18.492,301.21,4.9979,0.83312
18.496,301.2,4.9991,0.833
18.492,301.21,4.9979,0.83287
18.496,301.2,4.9991,0.83274
18.492,301.21,4.9979,0.83262
18.496,301.2,4.9991,0.83249
18.492,301.21,4.9979,0.83236
18.496,301.2,4.9991,0.83224
18.492,301.21,4.9979,0.83211
18.496,301.2,4.9991,0.83198
18.492,301.21,4.9979,0.83185
18.496,301.2,4.9991,0.83173
18.492,301.21,4.9979,0.8316
18.496,301.2,4.9991,0.83147
18.492,301.21,4.9979,0.83135
18.496,301.2,4.9991,0.83122
18.492,301.21,4.9979,0.83109
18.496,301.2,4.9991,0.83096
18.492,301.21,4.9979,0.83084
18.496,301.2,4.9991,0.83071
18.492,301.21,4.9979,0.83058
18.496,301.2,4.9991,0.83046
18.492,301.21,4.9979,0.83033
18.496,301.2,4.9991,0.8302
18.492,301.21,4.9979,0.83007
18.496,301.2,4.9991,0.82995
18.492,301.21,4.9979,0.82982
18.496,301.2,4.9991,0.82969
18.492,301.21,4.9979,0.82957
18.496,301.2,4.9991,0.82944
18.492,301.21,4.9979,0.82931
18.496,301.2,4.9991,0.82918
18.492,301.21,4.9979,0.82906
18.496,301.2,4.9991,0.82893
18.492,301.21,4.9979,0.8288
18.496,301.2,4.9991,0.82868
18.492,301.21,4.9979,0.82855
18.496,301.2,4.9991,0.82842
18.492,301.21,4.9979,0.82829
18.496,301.2,4.9991,0.82817
18.492,301.21,4.9979,0.82804
18.496,301.2,4.9991,0.82791
18.492,301.21,4.9979,0.82779
18.496,301.2,4.9991,0.82766
18.492,301.21,4.9979,0.82753
18.496,301.2,4.9991,0.8274
18.492,301.21,4.9979,0.82728
18.496,301.2,4.9991,0.82715
18.492,301.21,4.9979,0.82702
18.496,301.2,4.9991,0.8269
18.492,301.21,4.9979,0.82677
18.496,301.2,4.9991,0.82664
18.492,301.21,4.9979,0.82651
18.496,301.2,4.9991,0.82639
18.492,301.21,4.9979,0.82626
18.496,301.2,4.9991,0.82613
18.492,301.21,4.9979,0.82601
18.496,301.2,4.9991,0.82588
18.492,301.21,4.9979,0.82575
18.496,301.2,4.9991,0.82562
18.492,301.21,4.9979,0.8255
18.496,301.2,4.9991,0.82537
18.492,301.21,4.9979,0.82524
18.496,301.2,4.9991,0.82512
18.492,301.21,4.9979,0.82499
18.496,301.2,4.9991,0.82486
18.492,301.21,4.9979,0.82473
18.496,301.2,4.9991,0.82461
18.492,301.21,4.9979,0.82448
18.496,301.2,4.9991,0.82435
18.492,301.21,4.9979,0.82423
18.496,301.2,4.9991,0.8241
18.492,301.21,4.9979,0.82397
18.496,301.2,4.9991,0.82384
18.492,301.21,4.9979,0.82372
18.496,301.2,4.9991,0.82359
18.492,301.21,4.9979,0.82346
18.496,301.2,4.9991,0.82334
18.492,301.21,4.9979,0.82321
18.496,301.2,4.9991,0.82308
18.492,301.21,4.9979,0.82295
18.496,301.2,4.9991,0.82283
18.492,301.21,4.9979,0.8227
18.496,301.2,4.9991,0.82257
18.492,301.21,4.9979,0.82245
18.496,301.2,4.9991,0.82232
18.492,301.21,4.9979,0.82219
18.496,301.2,4.9991,0.82206
18.492,301.21,4.9979,0.82194
18.496,301.2,4.9991,0.82181
18.492,301.21,4.9979,0.82168
18.496,301.2,4.9991,0.82156
18.492,301.21,4.9979,0.82143
18.496,301.2,4.9991,0.8213
18.492,301.21,4.9979,0.82117
18.496,301.2,4.9991,0.82105
18.492,301.21,4.9979,0.82092
18.496,301.2,4.9991,0.82079
18.492,301.21,4.9979,0.82067
18.496,301.2,4.9991,0.82054
18.492,301.21,4.9979,0.82041
18.496,301.2,4.9991,0.82028
18.492,301.21,4.9979,0.82016
18.496,301.2,4.9991,0.82003
18.492,301.21,4.9979,0.8199
18.496,301.2,4.9991,0.81978
18.492,301.21,4.9979,0.81965
18.496,301.2,4.9991,0.81952
18.492,301.21,4.9979,0.81939
18.496,301.2,4.9991,0.81927
18.492,301.21,4.9979,0.81914
18.496,301.2,4.9991,0.81901
18.492,301.21,4.9979,0.81889
18.496,301.2,4.9991,0.81876
18.492,301.21,4.9979,0.81863
18.496,301.2,4.9991,0.8185
18.492,301.21,4.9979,0.81838
18.496,301.2,4.9991,0.81825
18.492,301.21,4.9979,0.81812
18.496,301.2,4.9991,0.818
18.492,301.21,4.9979,0.81787
18.496,301.2,4.9991,0.81774
18.492,301.21,4.9979,0.81761
18.496,301.2,4.9991,0.81749
18.492,301.21,4.9979,0.81736
18.496,301.2,4.9991,0.81723
18.492,301.21,4.9979,0.81711
18.496,301.2,4.9991,0.81698
18.492,301.21,4.9979,0.81685
18.496,301.2,4.9991,0.81672
18.492,301.21,4.9979,0.8166
18.496,301.2,4.9991,0.81647
18.492,301.21,4.9979,0.81634
18.496,301.2,4.9991,0.81622
18.492,301.21,4.9979,0.81609
18.496,301.2,4.9991,0.81596
18.492,301.21,4.9979,0.81583
18.496,301.2,4.9991,0.81571
18.492,301.21,4.9979,0.81558
18.496,301.2,4.9991,0.81545
18.492,301.21,4.9979,0.81533
18.496,301.2,4.9991,0.8152
18.492,301.21,4.9979,0.81507
18.496,301.2,4.9991,0.81495
18.492,301.21,4.9979,0.81482
18.496,301.2,4.9991,0.81469
18.492,301.21,4.9979,0.81456
18.496,301.2,4.9991,0.81444
18.492,301.21,4.9979,0.81431
18.496,301.2,4.9991,0.81418
18.492,301.21,4.9979,0.81405
18.496,301.2,4.9991,0.81393
18.492,301.21,4.9979,0.8138
18.496,301.2,4.9991,0.81367
18.492,301.21,4.9979,0.81355
18.496,301.2,4.9991,0.81342
18.492,301.21,4.9979,0.81329
18.496,301.2,4.9991,0.81317
18.492,301.21,4.9979,0.81304
18.496,301.2,4.9991,0.81291
18.492,301.21,4.9979,0.81278
18.496,301.2,4.9991,0.81266
18.492,301.21,4.9979,0.81253
18.496,301.2,4.9991,0.8124
18.492,301.21,4.9979,0.81227
18.496,301.2,4.9991,0.81215
18.492,301.21,4.9979,0.81202
18.496,301.2,4.9991,0.81189
18.492,301.21,4.9979,0.81177
18.496,301.2,4.9991,0.81164
18.492,301.21,4.9979,0.81151
18.496,301.2,4.9991,0.81139
18.492,301.21,4.9979,0.81126
18.496,301.2,4.9991,0.81113
18.492,301.21,4.9979,0.811
18.496,301.2,4.9991,0.81088
18.492,301.21,4.9979,0.81075
18.496,301.2,4.9991,0.81062
18.492,301.21,4.9979,0.81049
18.496,301.2,4.9991,0.81037
18.492,301.21,4.9979,0.81024
18.496,301.2,4.9991,0.81011
18.492,301.21,4.9979,0.80999
18.496,301.2,4.9991,0.80986
18.492,301.21,4.9979,0.80973
18.496,301.2,4.9991,0.80961
18.492,301.21,4.9979,0.80948
18.496,301.2,4.9991,0.80935
18.492,301.21,4.9979,0.80922
18.496,301.2,4.9991,0.8091
18.492,301.21,4.9979,0.80897
18.496,301.2,4.9991,0.80884
18.492,301.21,4.9979,0.80871
18.496,301.2,4.9991,0.80859
18.492,301.21,4.9979,0.80846
18.496,301.2,4.9991,0.80833
18.492,301.21,4.9979,0.80821
18.496,301.2,4.9991,0.80808
18.492,301.21,4.9979,0.80795
18.496,301.2,4.9991,0.80783
18.492,301.21,4.9979,0.8077
18.496,301.2,4.9991,0.80757
18.492,301.21,4.9979,0.80744
18.496,301.2,4.9991,0.80732
18.492,301.21,4.9979,0.80719
18.496,301.2,4.9991,0.80706
18.492,301.21,4.9979,0.80693
18.496,301.2,4.9991,0.80681
18.492,301.21,4.9979,0.80668
18.496,301.2,4.9991,0.80655
18.492,301.21,4.9979,0.80643
18.496,301.2,4.9991,0.8063
18.492,301.21,4.9979,0.80617
18.496,301.2,4.9991,0.80605
18.492,301.21,4.9979,0.80592
18.496,301.2,4.9991,0.80579
18.492,301.21,4.9979,0.80566
18.496,301.2,4.9991,0.80554
18.492,301.21,4.9979,0.80541
18.496,301.2,4.9991,0.80528
18.492,301.21,4.9979,0.80515
18.496,301.2,4.9991,0.80503
18.492,301.21,4.9979,0.8049
18.496,301.2,4.9991,0.80477
18.492,301.21,4.9979,0.80465
18.496,301.2,4.9991,0.80452
18.492,301.21,4.9979,0.80439
18.496,301.2,4.9991,0.80427
18.492,301.21,4.9979,0.80414
18.496,301.2,4.9991,0.80401
18.492,301.21,4.9979,0.80388
18.496,301.2,4.9991,0.80376
18.492,301.21,4.9979,0.80363
18.496,301.2,4.9991,0.8035
18.492,301.21,4.9979,0.80337
18.496,301.2,4.9991,0.80325
18.492,301.21,4.9979,0.80312
18.496,301.2,4.9991,0.80299
18.492,301.21,4.9979,0.80287
18.496,301.2,4.9991,0.80274
18.492,301.21,4.9979,0.80261
18.496,301.2,4.9991,0.80249
18.492,301.21,4.9979,0.80236
18.496,301.2,4.9991,0.80223
18.492,301.21,4.9979,0.8021
18.496,301.2,4.9991,0.80198
18.492,301.21,4.9979,0.80185
18.496,301.2,4.9991,0.80172
18.492,301.21,4.9979,0.80159
18.496,301.2,4.9991,0.80147
18.492,301.21,4.9979,0.80134
18.496,301.2,4.9991,0.80121
18.492,301.21,4.9979,0.80109
18.496,301.2,4.9991,0.80096
18.492,301.21,4.9979,0.80083
18.496,301.2,4.9991,0.80071
18.492,301.21,4.9979,0.80058
18.496,301.2,4.9991,0.80045
18.492,301.21,4.9979,0.80032
18.496,301.2,4.9991,0.8002
18.492,301.21,4.9979,0.80007
18.496,301.2,4.9991,0.79994
18.492,301.21,4.9979,0.79981
18.496,301.2,4.9991,0.79969
18.492,301.21,4.9979,0.79956
18.496,301.2,4.9991,0.79943
18.492,301.21,4.9979,0.79931
18.496,301.2,4.9991,0.79918
18.492,301.21,4.9979,0.79905
18.496,301.2,4.9991,0.79893
18.492,301.21,4.9979,0.7988
18.496,301.2,4.9991,0.79867
18.492,301.21,4.9979,0.79854
18.496,301.2,4.9991,0.79842
18.492,301.21,4.9979,0.79829
18.496,301.2,4.9991,0.79816
18.492,301.21,4.9979,0.79803
18.496,301.2,4.9991,0.79791
18.492,301.21,4.9979,0.79778
18.496,301.2,4.9991,0.79765
18.492,301.21,4.9979,0.79753
18.496,301.2,4.9991,0.7974
18.492,301.21,4.9979,0.79727
18.496,301.2,4.9991,0.79715
18.492,301.21,4.9979,0.79702
18.496,301.2,4.9991,0.79689
18.492,301.21,4.9979,0.79676
18.496,301.2,4.9991,0.79664
18.492,301.21,4.9979,0.79651
18.496,301.2,4.9991,0.79638
18.492,301.21,4.9979,0.79625
18.496,301.2,4.9991,0.79613
18.492,301.21,4.9979,0.796
18.496,301.2,4.9991,0.79587
18.492,301.21,4.9979,0.79575
18.496,301.2,4.9991,0.79562
18.492,301.21,4.9979,0.79549
18.496,301.2,4.9991,0.79537
18.492,301.21,4.9979,0.79524
18.496,301.2,4.9991,0.79511
18.492,301.21,4.9979,0.79498
18.496,301.2,4.9991,0.79486
18.492,301.21,4.9979,0.79473
18.496,301.2,4.9991,0.7946
18.492,301.21,4.9979,0.79447
18.496,301.2,4.9991,0.79435
18.492,301.21,4.9979,0.79422
18.496,301.2,4.9991,0.79409
18.492,301.21,4.9979,0.79397
18.496,301.2,4.9991,0.79384
18.492,301.21,4.9979,0.79371
18.496,301.2,4.9991,0.79359
18.492,301.21,4.9979,0.79346
18.496,301.2,4.9991,0.79333
18.492,301.21,4.9979,0.7932
18.496,301.2,4.9991,0.79308
18.492,301.21,4.9979,0.79295
18.496,301.2,4.9991,0.79282
18.492,301.21,4.9979,0.79269
18.496,301.2,4.9991,0.79257
18.492,301.21,4.9979,0.79244
18.496,301.2,4.9991,0.79231
18.492,301.21,4.9979,0.79219
18.496,301.2,4.9991,0.79206
18.492,301.21,4.9979,0.79193
18.496,301.2,4.9991,0.79181
18.492,301.21,4.9979,0.79168
18.496,301.2,4.9991,0.79155
18.492,301.21,4.9979,0.79142
18.496,301.2,4.9991,0.7913
18.492,301.21,4.9979,0.79117
18.496,301.2,4.9991,0.79104
18.492,301.21,4.9979,0.79091
18.496,301.2,4.9991,0.79079
18.492,301.21,4.9979,0.79066
18.496,301.2,4.9991,0.79053
18.492,301.21,4.9979,0.79041
18.496,301.2,4.9991,0.79028
18.492,301.21,4.9979,0.79015
18.496,301.2,4.9991,0.79003
18.492,301.21,4.9979,0.7899
18.496,301.2,4.9991,0.78977
18.492,301.21,4.9979,0.78964
18.496,301.2,4.9991,0.78952
18.492,301.21,4.9979,0.78939
18.496,301.2,4.9991,0.78926
18.492,301.21,4.9979,0.78913
18.496,301.2,4.9991,0.78901
18.492,301.21,4.9979,0.78888
18.496,301.2,4.9991,0.78875
18.492,301.21,4.9979,0.78863
18.496,301.2,4.9991,0.7885
18.492,301.21,4.9979,0.78837
18.496,301.2,4.9991,0.78825
18.492,301.21,4.9979,0.78812
18.496,301.2,4.9991,0.78799
18.492,301.21,4.9979,0.78786
18.496,301.2,4.9991,0.78774
18.492,301.21,4.9979,0.78761
18.496,301.2,4.9991,0.78748
18.492,301.21,4.9979,0.78735
18.496,301.2,4.9991,0.78723
18.492,301.21,4.9979,0.7871
18.496,301.2,4.9991,0.78697
18.492,301.21,4.9979,0.78685
18.496,301.2,4.9991,0.78672
18.492,301.21,4.9979,0.78659
18.496,301.2,4.9991,0.78647
18.492,301.21,4.9979,0.78634
18.496,301.2,4.9991,0.78621
18.492,301.21,4.9979,0.78608
18.496,301.2,4.9991,0.78596
18.492,301.21,4.9979,0.78583
18.496,301.2,4.9991,0.7857
18.492,301.21,4.9979,0.78557
18.496,301.2,4.9991,0.78545
18.492,301.21,4.9979,0.78532
18.496,301.2,4.9991,0.78519
18.492,301.21,4.9979,0.78507
18.496,301.2,4.9991,0.78494
18.492,301.21,4.9979,0.78481
18.496,301.2,4.9991,0.78469
18.492,301.21,4.9979,0.78456
18.496,301.2,4.9991,0.78443
18.492,301.21,4.9979,0.7843
18.496,301.2,4.9991,0.78418
18.492,301.21,4.9979,0.78405
18.496,301.2,4.9991,0.78392
18.492,301.21,4.9979,0.7838
18.496,301.2,4.9991,0.78367
18.492,301.21,4.9979,0.78354
18.496,301.2,4.9991,0.78341
18.492,301.21,4.9979,0.78329
18.496,301.2,4.9991,0.78316
18.492,301.21,4.9979,0.78303
18.496,301.2,4.9991,0.78291
18.492,301.21,4.9979,0.78278
18.496,301.2,4.9991,0.78265
18.492,301.21,4.9979,0.78252
18.496,301.2,4.9991,0.7824
18.492,301.21,4.9979,0.78227
18.496,301.2,4.9991,0.78214
18.492,301.21,4.9979,0.78202
18.496,301.2,4.9991,0.78189
18.492,301.21,4.9979,0.78176
18.496,301.2,4.9991,0.78163
18.492,301.21,4.9979,0.78151
18.496,301.2,4.9991,0.78138
18.492,301.21,4.9979,0.78125
18.496,301.2,4.9991,0.78113
18.492,301.21,4.9979,0.781
18.496,301.2,4.9991,0.78087
18.492,301.21,4.9979,0.78074
18.496,301.2,4.9991,0.78062
18.492,301.21,4.9979,0.78049
18.496,301.2,4.9991,0.78036
18.492,301.21,4.9979,0.78024
18.496,301.2,4.9991,0.78011
18.492,301.21,4.9979,0.77998
18.496,301.2,4.9991,0.77985
18.492,301.21,4.9979,0.77973
18.496,301.2,4.9991,0.7796
18.492,301.21,4.9979,0.77947
18.496,301.2,4.9991,0.77935
18.492,301.21,4.9979,0.77922
18.496,301.2,4.9991,0.77909
18.492,301.21,4.9979,0.77896
18.496,301.2,4.9991,0.77884
18.492,301.21,4.9979,0.77871
18.496,301.2,4.9991,0.77858
18.492,301.21,4.9979,0.77846
18.496,301.2,4.9991,0.77833
18.492,301.21,4.9979,0.7782
18.496,301.2,4.9991,0.77807
18.492,301.21,4.9979,0.77795
18.496,301.2,4.9991,0.77782
18.492,301.21,4.9979,0.77769
18.496,301.2,4.9991,0.77757
18.492,301.21,4.9979,0.77744
18.496,301.2,4.9991,0.77731
18.492,301.21,4.9979,0.77718
18.496,301.2,4.9991,0.77706
18.492,301.21,4.9979,0.77693
18.496,301.2,4.9991,0.7768
18.492,301.21,4.9979,0.77668
18.496,301.2,4.9991,0.77655
18.492,301.21,4.9979,0.77642
18.496,301.2,4.9991,0.77629
18.492,301.21,4.9979,0.77617
18.496,301.2,4.9991,0.77604
18.492,301.21,4.9979,0.77591
18.496,301.2,4.9991,0.77579
18.492,301.21,4.9979,0.77566
18.496,301.2,4.9991,0.77553
18.492,301.21,4.9979,0.7754
18.496,301.2,4.9991,0.77528
18.492,301.21,4.9979,0.77515
18.496,301.2,4.9991,0.77502
18.492,301.21,4.9979,0.7749
18.496,301.2,4.9991,0.77477
18.492,301.21,4.9979,0.77464
18.496,301.2,4.9991,0.77451
18.492,301.21,4.9979,0.77439
18.496,301.2,4.9991,0.77426
18.492,301.21,4.9979,0.77413
18.496,301.2,4.9991,0.77401
18.492,301.21,4.9979,0.77388
18.496,301.2,4.9991,0.77375
18.492,301.21,4.9979,0.77362
18.496,301.2,4.9991,0.7735
18.492,301.21,4.9979,0.77337
18.496,301.2,4.9991,0.77324
18.492,301.21,4.9979,0.77312
18.496,301.2,4.9991,0.77299
18.492,301.21,4.9979,0.77286
18.496,301.2,4.9991,0.77273
18.492,301.21,4.9979,0.77261
18.496,301.2,4.9991,0.77248
18.492,301.21,4.9979,0.77235
18.496,301.2,4.9991,0.77223
18.492,301.21,4.9979,0.7721
18.496,301.2,4.9991,0.77197
18.492,301.21,4.9979,0.77184
18.496,301.2,4.9991,0.77172
18.492,301.21,4.9979,0.77159
18.496,301.2,4.9991,0.77146
18.492,301.21,4.9979,0.77134
18.496,301.2,4.9991,0.77121
18.492,301.21,4.9979,0.77108
18.496,301.2,4.9991,0.77095
18.492,301.21,4.9979,0.77083
18.496,301.2,4.9991,0.7707
18.492,301.21,4.9979,0.77057
18.496,301.2,4.9991,0.77045
18.492,301.21,4.9979,0.77032
18.496,301.2,4.9991,0.77019
18.492,301.21,4.9979,0.77006
18.496,301.2,4.9991,0.76994
18.492,301.21,4.9979,0.76981
18.496,301.2,4.9991,0.76968
18.492,301.21,4.9979,0.76956
18.496,301.2,4.9991,0.76943
18.492,301.21,4.9979,0.7693
18.496,301.2,4.9991,0.76917
18.492,301.21,4.9979,0.76905
18.496,301.2,4.9991,0.76892
18.492,301.21,4.9979,0.76879
18.496,301.2,4.9991,0.76867
18.492,301.21,4.9979,0.76854
18.496,301.2,4.9991,0.76841
18.492,301.21,4.9979,0.76828
18.496,301.2,4.9991,0.76816
18.492,301.21,4.9979,0.76803
18.496,301.2,4.9991,0.7679
18.492,301.21,4.9979,0.76778
18.496,301.2,4.9991,0.76765
18.492,301.21,4.9979,0.76752
18.496,301.2,4.9991,0.7674
18.492,301.21,4.9979,0.76727
18.496,301.2,4.9991,0.76714
18.492,301.21,4.9979,0.76701
18.496,301.2,4.9991,0.76689
18.492,301.21,4.9979,0.76676
18.496,301.2,4.9991,0.76663
18.492,301.21,4.9979,0.7665
18.496,301.2,4.9991,0.76638
18.492,301.21,4.9979,0.76625
18.496,301.2,4.9991,0.76612
18.492,301.21,4.9979,0.766
18.496,301.2,4.9991,0.76587
18.492,301.21,4.9979,0.76574
18.496,301.2,4.9991,0.76562
18.492,301.21,4.9979,0.76549
18.496,301.2,4.9991,0.76536
18.492,301.21,4.9979,0.76523
18.496,301.2,4.9991,0.76511
18.492,301.21,4.9979,0.76498
18.496,301.2,4.9991,0.76485
18.492,301.21,4.9979,0.76472
18.496,301.2,4.9991,0.7646
18.492,301.21,4.9979,0.76447
18.496,301.2,4.9991,0.76434
18.492,301.21,4.9979,0.76422
18.496,301.2,4.9991,0.76409
18.492,301.21,4.9979,0.76396
18.496,301.2,4.9991,0.76384
18.492,301.21,4.9979,0.76371
18.496,301.2,4.9991,0.76358
18.492,301.21,4.9979,0.76345
18.496,301.2,4.9991,0.76333
18.492,301.21,4.9979,0.7632
18.496,301.2,4.9991,0.76307
18.492,301.21,4.9979,0.76294
18.496,301.2,4.9991,0.76282
18.492,301.21,4.9979,0.76269
18.496,301.2,4.9991,0.76256
18.492,301.21,4.9979,0.76244
18.496,301.2,4.9991,0.76231
18.492,301.21,4.9979,0.76218
18.496,301.2,4.9991,0.76206
18.492,301.21,4.9979,0.76193
18.496,301.2,4.9991,0.7618
18.492,301.21,4.9979,0.76167
18.496,301.2,4.9991,0.76155
18.492,301.21,4.9979,0.76142
18.496,301.2,4.9991,0.76129
18.492,301.21,4.9979,0.76116
18.496,301.2,4.9991,0.76104
18.492,301.21,4.9979,0.76091
18.496,301.2,4.9991,0.76078
18.492,301.21,4.9979,0.76066
18.496,301.2,4.9991,0.76053
18.492,301.21,4.9979,0.7604
18.496,301.2,4.9991,0.76028
18.492,301.21,4.9979,0.76015
18.496,301.2,4.9991,0.76002
18.492,301.21,4.9979,0.75989
18.496,301.2,4.9991,0.75977
18.492,301.21,4.9979,0.75964
18.496,301.2,4.9991,0.75951
18.492,301.21,4.9979,0.75938
18.496,301.2,4.9991,0.75926
18.492,301.21,4.9979,0.75913
18.496,301.2,4.9991,0.759
18.492,301.21,4.9979,0.75888
18.496,301.2,4.9991,0.75875
18.492,301.21,4.9979,0.75862
18.496,301.2,4.9991,0.7585
18.492,301.21,4.9979,0.75837
18.496,301.2,4.9991,0.75824
18.492,301.21,4.9979,0.75811
18.496,301.2,4.9991,0.75799
18.492,301.21,4.9979,0.75786
18.496,301.2,4.9991,0.75773
18.492,301.21,4.9979,0.7576
18.496,301.2,4.9991,0.75748
18.492,301.21,4.9979,0.75735
18.496,301.2,4.9991,0.75722
18.492,301.21,4.9979,0.7571
18.496,301.2,4.9991,0.75697
18.492,301.21,4.9979,0.75684
18.496,301.2,4.9991,0.75672
18.492,301.21,4.9979,0.75659
18.496,301.2,4.9991,0.75646
18.492,301.21,4.9979,0.75633
18.496,301.2,4.9991,0.75621
18.492,301.21,4.9979,0.75608
18.496,301.2,4.9991,0.75595
18.492,301.21,4.9979,0.75582
18.496,301.2,4.9991,0.7557
18.492,301.21,4.9979,0.75557
18.496,301.2,4.9991,0.75544
18.492,301.21,4.9979,0.75532
18.496,301.2,4.9991,0.75519
18.492,301.21,4.9979,0.75506
18.496,301.2,4.9991,0.75494
18.492,301.21,4.9979,0.75481
18.496,301.2,4.9991,0.75468
18.492,301.21,4.9979,0.75455
18.496,301.2,4.9991,0.75443
18.492,301.21,4.9979,0.7543
18.496,301.2,4.9991,0.75417
18.492,301.21,4.9979,0.75404
18.496,301.2,4.9991,0.75392
18.492,301.21,4.9979,0.75379
18.496,301.2,4.9991,0.75366
18.492,301.21,4.9979,0.75354
18.496,301.2,4.9991,0.75341
18.492,301.21,4.9979,0.75328
18.496,301.2,4.9991,0.75316
18.492,301.21,4.9979,0.75303
18.496,301.2,4.9991,0.7529
18.492,301.21,4.9979,0.75277
18.496,301.2,4.9991,0.75265
18.492,301.21,4.9979,0.75252
18.496,301.2,4.9991,0.75239
18.492,301.21,4.9979,0.75226
18.496,301.2,4.9991,0.75214
18.492,301.21,4.9979,0.75201
18.496,301.2,4.9991,0.75188
18.492,301.21,4.9979,0.75176
18.496,301.2,4.9991,0.75163
18.492,301.21,4.9979,0.7515
18.496,301.2,4.9991,0.75138
18.492,301.21,4.9979,0.75125
18.496,301.2,4.9991,0.75112
18.492,301.21,4.9979,0.75099
18.496,301.2,4.9991,0.75087
18.492,301.21,4.9979,0.75074
18.496,301.2,4.9991,0.75061
18.492,301.21,4.9979,0.75048
18.496,301.2,4.9991,0.75036
18.492,301.21,4.9979,0.75023
18.496,301.2,4.9991,0.7501
18.492,301.21,4.9979,0.74998
18.496,301.2,4.9991,0.74985
18.492,301.21,4.9979,0.74972
18.496,301.2,4.9991,0.7496
18.492,301.21,4.9979,0.74947
18.496,301.2,4.9991,0.74934
18.492,301.21,4.9979,0.74921
18.496,301.2,4.9991,0.74909
18.492,301.21,4.9979,0.74896
18.496,301.2,4.9991,0.74883
18.492,301.21,4.9979,0.7487
18.496,301.2,4.9991,0.74858
18.492,301.21,4.9979,0.74845
18.496,301.2,4.9991,0.74832
18.492,301.21,4.9979,0.7482
18.496,301.2,4.9991,0.74807
18.492,301.21,4.9979,0.74794
18.496,301.2,4.9991,0.74782
18.492,301.21,4.9979,0.74769
18.496,301.2,4.9991,0.74756
18.492,301.21,4.9979,0.74743
18.496,301.2,4.9991,0.74731
18.492,301.21,4.9979,0.74718
18.496,301.2,4.9991,0.74705
18.492,301.21,4.9979,0.74692
18.496,301.2,4.9991,0.7468
18.492,301.21,4.9979,0.74667
18.496,301.2,4.9991,0.74654
18.492,301.21,4.9979,0.74642
18.496,301.2,4.9991,0.74629
18.492,301.21,4.9979,0.74616
18.496,301.2,4.9991,0.74604
18.492,301.21,4.9979,0.74591
18.496,301.2,4.9991,0.74578
18.492,301.21,4.9979,0.74565
18.496,301.2,4.9991,0.74553
18.492,301.21,4.9979,0.7454
18.496,301.2,4.9991,0.74527
18.492,301.21,4.9979,0.74514
18.496,301.2,4.9991,0.74502
18.492,301.21,4.9979,0.74489
18.496,301.2,4.9991,0.74476
18.492,301.21,4.9979,0.74464
18.496,301.2,4.9991,0.74451
18.492,301.21,4.9979,0.74438
18.496,301.2,4.9991,0.74426
18.492,301.21,4.9979,0.74413
18.496,301.2,4.9991,0.744
18.492,301.21,4.9979,0.74387
18.496,301.2,4.9991,0.74375
18.492,301.21,4.9979,0.74362
18.496,301.2,4.9991,0.74349
18.492,301.21,4.9979,0.74336
18.496,301.2,4.9991,0.74324
18.492,301.21,4.9979,0.74311
18.496,301.2,4.9991,0.74298
18.492,301.21,4.9979,0.74286
18.496,301.2,4.9991,0.74273
18.492,301.21,4.9979,0.7426
18.496,301.2,4.9991,0.74248
18.492,301.21,4.9979,0.74235
18.496,301.2,4.9991,0.74222
18.492,301.21,4.9979,0.74209
18.496,301.2,4.9991,0.74197
18.492,301.21,4.9979,0.74184
18.496,301.2,4.9991,0.74171
18.492,301.21,4.9979,0.74158
18.496,301.2,4.9991,0.74146
18.492,301.21,4.9979,0.74133
18.496,301.2,4.9991,0.7412
18.492,301.21,4.9979,0.74108
18.496,301.2,4.9991,0.74095
18.492,301.21,4.9979,0.74082
18.496,301.2,4.9991,0.7407
18.492,301.21,4.9979,0.74057
18.496,301.2,4.9991,0.74044
18.492,301.21,4.9979,0.74031
18.496,301.2,4.9991,0.74019
18.492,301.21,4.9979,0.74006
18.496,301.2,4.9991,0.73993
18.492,301.21,4.9979,0.7398
18.496,301.2,4.9991,0.73968
18.492,301.21,4.9979,0.73955
18.496,301.2,4.9991,0.73942
18.492,301.21,4.9979,0.7393
18.496,301.2,4.9991,0.73917
18.492,301.21,4.9979,0.73904
18.496,301.2,4.9991,0.73892
18.492,301.21,4.9979,0.73879
18.496,301.2,4.9991,0.73866
18.492,301.21,4.9979,0.73853
18.496,301.2,4.9991,0.73841
18.492,301.21,4.9979,0.73828
18.496,301.2,4.9991,0.73815
18.492,301.21,4.9979,0.73802
18.496,301.2,4.9991,0.7379
18.492,301.21,4.9979,0.73777
18.496,301.2,4.9991,0.73764
18.492,301.21,4.9979,0.73752
18.496,301.2,4.9991,0.73739
18.492,301.21,4.9979,0.73726
18.496,301.2,4.9991,0.73714
18.492,301.21,4.9979,0.73701
18.496,301.2,4.9991,0.73688
18.492,301.21,4.9979,0.73675
18.496,301.2,4.9991,0.73663
18.492,301.21,4.9979,0.7365
18.496,301.2,4.9991,0.73637
18.492,301.21,4.9979,0.73625
18.496,301.2,4.9991,0.73612
18.492,301.21,4.9979,0.73599
18.496,301.2,4.9991,0.73586
18.492,301.21,4.9979,0.73574
18.496,301.2,4.9991,0.73561
18.492,301.21,4.9979,0.73548
18.496,301.2,4.9991,0.73536
18.492,301.21,4.9979,0.73523
18.496,301.2,4.9991,0.7351
18.492,301.21,4.9979,0.73497
18.496,301.2,4.9991,0.73485
18.492,301.21,4.9979,0.73472
18.496,301.2,4.9991,0.73459
18.492,301.21,4.9979,0.73447
18.496,301.2,4.9991,0.73434
18.492,301.21,4.9979,0.73421
18.496,301.2,4.9991,0.73408
18.492,301.21,4.9979,0.73396
18.496,301.2,4.9991,0.73383
18.492,301.21,4.9979,0.7337
18.496,301.2,4.9991,0.73358
18.492,301.21,4.9979,0.73345
18.496,301.2,4.9991,0.73332
18.492,301.21,4.9979,0.73319
18.496,301.2,4.9991,0.73307
18.492,301.21,4.9979,0.73294
18.496,301.2,4.9991,0.73281
18.492,301.21,4.9979,0.73269
18.496,301.2,4.9991,0.73256
18.492,301.21,4.9979,0.73243
18.496,301.2,4.9991,0.7323
18.492,301.21,4.9979,0.73218
18.496,301.2,4.9991,0.73205
18.492,301.21,4.9979,0.73192
18.496,301.2,4.9991,0.7318
18.492,301.21,4.9979,0.73167
18.496,301.2,4.9991,0.73154
18.492,301.21,4.9979,0.73141
18.496,301.2,4.9991,0.73129
18.492,301.21,4.9979,0.73116
18.496,301.2,4.9991,0.73103
18.492,301.21,4.9979,0.73091
18.496,301.2,4.9991,0.73078
18.492,301.21,4.9979,0.73065
18.496,301.2,4.9991,0.73052
18.492,301.21,4.9979,0.7304
18.496,301.2,4.9991,0.73027
18.492,301.21,4.9979,0.73014
18.496,301.2,4.9991,0.73002
18.492,301.21,4.9979,0.72989
18.496,301.2,4.9991,0.72976
18.492,301.21,4.9979,0.72963
18.496,301.2,4.9991,0.72951
18.492,301.21,4.9979,0.72938
18.496,301.2,4.9991,0.72925
18.492,301.21,4.9979,0.72913
18.496,301.2,4.9991,0.729
18.492,301.21,4.9979,0.72887
18.496,301.2,4.9991,0.72874
18.492,301.21,4.9979,0.72862
18.496,301.2,4.9991,0.72849
18.492,301.21,4.9979,0.72836
18.496,301.2,4.9991,0.72824
18.492,301.21,4.9979,0.72811
18.496,301.2,4.9991,0.72798
18.492,301.21,4.9979,0.72785
18.496,301.2,4.9991,0.72773
18.492,301.21,4.9979,0.7276
18.496,301.2,4.9991,0.72747
18.492,301.21,4.9979,0.72735
18.496,301.2,4.9991,0.72722
18.492,301.21,4.9979,0.72709
18.496,301.2,4.9991,0.72696
18.492,301.21,4.9979,0.72684
18.496,301.2,4.9991,0.72671
18.492,301.21,4.9979,0.72658
18.496,301.2,4.9991,0.72646
18.492,301.21,4.9979,0.72633
18.496,301.2,4.9991,0.7262
18.492,301.21,4.9979,0.72607
18.496,301.2,4.9991,0.72595
18.492,301.21,4.9979,0.72582
18.496,301.2,4.9991,0.72569
18.492,301.21,4.9979,0.72557
18.496,301.2,4.9991,0.72544
18.492,301.21,4.9979,0.72531
18.496,301.2,4.9991,0.72518
18.492,301.21,4.9979,0.72506
18.496,301.2,4.9991,0.72493
18.492,301.21,4.9979,0.7248
18.496,301.2,4.9991,0.72468
18.492,301.21,4.9979,0.72455
18.496,301.2,4.9991,0.72442
18.492,301.21,4.9979,0.72429
18.496,301.2,4.9991,0.72417
18.492,301.21,4.9979,0.72404
18.496,301.2,4.9991,0.72391
18.492,301.21,4.9979,0.72379
18.496,301.2,4.9991,0.72366
18.492,301.21,4.9979,0.72353
18.496,301.2,4.9991,0.7234
18.492,301.21,4.9979,0.72328
18.496,301.2,4.9991,0.72315
18.492,301.21,4.9979,0.72302
18.496,301.2,4.9991,0.7229
18.492,301.21,4.9979,0.72277
18.496,301.2,4.9991,0.72264
18.492,301.21,4.9979,0.72251
18.496,301.2,4.9991,0.72239
18.492,301.21,4.9979,0.72226
18.496,301.2,4.9991,0.72213
18.492,301.21,4.9979,0.72201
18.496,301.2,4.9991,0.72188
18.492,301.21,4.9979,0.72175
18.496,301.2,4.9991,0.72162
18.492,301.21,4.9979,0.7215
18.496,301.2,4.9991,0.72137
18.492,301.21,4.9979,0.72124
18.496,301.2,4.9991,0.72112
18.492,301.21,4.9979,0.72099
18.496,301.2,4.9991,0.72086
18.492,301.21,4.9979,0.72073
18.496,301.2,4.9991,0.72061
18.492,301.21,4.9979,0.72048
18.496,301.2,4.9991,0.72035
18.492,301.21,4.9979,0.72023
18.496,301.2,4.9991,0.7201
18.492,301.21,4.9979,0.71997
18.496,301.2,4.9991,0.71985
18.492,301.21,4.9979,0.71972
18.496,301.2,4.9991,0.71959
18.492,301.21,4.9979,0.71946
18.496,301.2,4.9991,0.71934
18.492,301.21,4.9979,0.71921
18.496,301.2,4.9991,0.71908
18.492,301.21,4.9979,0.71895
18.496,301.2,4.9991,0.71883
18.492,301.21,4.9979,0.7187
18.496,301.2,4.9991,0.71857
18.492,301.21,4.9979,0.71845
18.496,301.2,4.9991,0.71832
18.492,301.21,4.9979,0.71819
18.496,301.2,4.9991,0.71807
18.492,301.21,4.9979,0.71794
18.496,301.2,4.9991,0.71781
18.492,301.21,4.9979,0.71768
18.496,301.2,4.9991,0.71756
18.492,301.21,4.9979,0.71743
18.496,301.2,4.9991,0.7173
18.492,301.21,4.9979,0.71717
18.496,301.2,4.9991,0.71705
18.492,301.21,4.9979,0.71692
18.496,301.2,4.9991,0.71679
18.492,301.21,4.9979,0.71667
18.496,301.2,4.9991,0.71654
18.492,301.21,4.9979,0.71641
18.496,301.2,4.9991,0.71629
18.492,301.21,4.9979,0.71616
18.496,301.2,4.9991,0.71603
18.492,301.21,4.9979,0.7159
18.496,301.2,4.9991,0.71578
18.492,301.21,4.9979,0.71565
18.496,301.2,4.9991,0.71552
18.492,301.21,4.9979,0.71539
18.496,301.2,4.9991,0.71527
18.492,301.21,4.9979,0.71514
18.496,301.2,4.9991,0.71501
18.492,301.21,4.9979,0.71489
18.496,301.2,4.9991,0.71476
18.492,301.21,4.9979,0.71463
18.496,301.2,4.9991,0.71451
18.492,301.21,4.9979,0.71438
18.496,301.2,4.9991,0.71425
18.492,301.21,4.9979,0.71412
18.496,301.2,4.9991,0.714
18.492,301.21,4.9979,0.71387
18.496,301.2,4.9991,0.71374
18.492,301.21,4.9979,0.71361
18.496,301.2,4.9991,0.71349
18.492,301.21,4.9979,0.71336
18.496,301.2,4.9991,0.71323
18.492,301.21,4.9979,0.71311
18.496,301.2,4.9991,0.71298
18.492,301.21,4.9979,0.71285
18.496,301.2,4.9991,0.71273
18.492,301.21,4.9979,0.7126
18.496,301.2,4.9991,0.71247
18.492,301.21,4.9979,0.71234
18.496,301.2,4.9991,0.71222
18.492,301.21,4.9979,0.71209
18.496,301.2,4.9991,0.71196
18.492,301.21,4.9979,0.71183
18.496,301.2,4.9991,0.71171
18.492,301.21,4.9979,0.71158
18.496,301.2,4.9991,0.71145
18.492,301.21,4.9979,0.71133
18.496,301.2,4.9991,0.7112
18.492,301.21,4.9979,0.71107
18.496,301.2,4.9991,0.71095
18.492,301.21,4.9979,0.71082
18.496,301.2,4.9991,0.71069
18.492,301.21,4.9979,0.71056
18.496,301.2,4.9991,0.71044
18.492,301.21,4.9979,0.71031
18.496,301.2,4.9991,0.71018
18.492,301.21,4.9979,0.71005
18.496,301.2,4.9991,0.70993
18.492,301.21,4.9979,0.7098
18.496,301.2,4.9991,0.70967
18.492,301.21,4.9979,0.70955
18.496,301.2,4.9991,0.70942
18.492,301.21,4.9979,0.70929
18.496,301.2,4.9991,0.70917
18.492,301.21,4.9979,0.70904
18.496,301.2,4.9991,0.70891
18.492,301.21,4.9979,0.70878
18.496,301.2,4.9991,0.70866
18.492,301.21,4.9979,0.70853
18.496,301.2,4.9991,0.7084
18.492,301.21,4.9979,0.70827
18.496,301.2,4.9991,0.70815
18.492,301.21,4.9979,0.70802
18.496,301.2,4.9991,0.70789
18.492,301.21,4.9979,0.70777
18.496,301.2,4.9991,0.70764
18.492,301.21,4.9979,0.70751
18.496,301.2,4.9991,0.70739
18.492,301.21,4.9979,0.70726
18.496,301.2,4.9991,0.70713
18.492,301.21,4.9979,0.707
18.496,301.2,4.9991,0.70688
18.492,301.21,4.9979,0.70675
18.496,301.2,4.9991,0.70662
18.492,301.21,4.9979,0.70649
18.496,301.2,4.9991,0.70637
18.492,301.21,4.9979,0.70624
18.496,301.2,4.9991,0.70611
18.492,301.21,4.9979,0.70599
18.496,301.2,4.9991,0.70586
18.492,301.21,4.9979,0.70573
18.496,301.2,4.9991,0.70561
18.492,301.21,4.9979,0.70548
18.496,301.2,4.9991,0.70535
18.492,301.21,4.9979,0.70522
18.496,301.2,4.9991,0.7051
18.492,301.21,4.9979,0.70497
18.496,301.2,4.9991,0.70484
18.492,301.21,4.9979,0.70471
18.496,301.2,4.9991,0.70459
18.492,301.21,4.9979,0.70446
18.496,301.2,4.9991,0.70433
18.492,301.21,4.9979,0.70421
18.496,301.2,4.9991,0.70408
18.492,301.21,4.9979,0.70395
18.496,301.2,4.9991,0.70383
18.492,301.21,4.9979,0.7037
18.496,301.2,4.9991,0.70357
18.492,301.21,4.9979,0.70344
18.496,301.2,4.9991,0.70332
18.492,301.21,4.9979,0.70319
18.496,301.2,4.9991,0.70306
18.492,301.21,4.9979,0.70293
18.496,301.2,4.9991,0.70281
18.492,301.21,4.9979,0.70268
18.496,301.2,4.9991,0.70255
18.492,301.21,4.9979,0.70243
18.496,301.2,4.9991,0.7023
18.492,301.21,4.9979,0.70217
18.496,301.2,4.9991,0.70205
18.492,301.21,4.9979,0.70192
18.496,301.2,4.9991,0.70179
18.492,301.21,4.9979,0.70166
18.496,301.2,4.9991,0.70154
18.492,301.21,4.9979,0.70141
18.496,301.2,4.9991,0.70128
18.492,301.21,4.9979,0.70115
18.496,301.2,4.9991,0.70103
18.492,301.21,4.9979,0.7009
18.496,301.2,4.9991,0.70077
18.492,301.21,4.9979,0.70065
18.496,301.2,4.9991,0.70052
18.492,301.21,4.9979,0.70039
18.496,301.2,4.9991,0.70027
18.492,301.21,4.9979,0.70014
18.496,301.2,4.9991,0.70001
18.492,301.21,4.9979,0.69988
18.496,301.2,4.9991,0.69976
18.492,301.21,4.9979,0.69963
18.496,301.2,4.9991,0.6995
18.492,301.21,4.9979,0.69937
18.496,301.2,4.9991,0.69925
18.492,301.21,4.9979,0.69912
18.496,301.2,4.9991,0.69899
18.492,301.21,4.9979,0.69887
18.496,301.2,4.9991,0.69874
18.492,301.21,4.9979,0.69861
18.496,301.2,4.9991,0.69849
18.492,301.21,4.9979,0.69836
18.496,301.2,4.9991,0.69823
18.492,301.21,4.9979,0.6981
18.496,301.2,4.9991,0.69798
18.492,301.21,4.9979,0.69785
18.496,301.2,4.9991,0.69772
18.492,301.21,4.9979,0.69759
18.496,301.2,4.9991,0.69747
18.492,301.21,4.9979,0.69734
18.496,301.2,4.9991,0.69721
18.492,301.21,4.9979,0.69709
18.496,301.2,4.9991,0.69696
18.492,301.21,4.9979,0.69683
18.496,301.2,4.9991,0.69671
18.492,301.21,4.9979,0.69658
18.496,301.2,4.9991,0.69645
18.492,301.21,4.9979,0.69632
18.496,301.2,4.9991,0.6962
18.492,301.21,4.9979,0.69607
18.496,301.2,4.9991,0.69594
18.492,301.21,4.9979,0.69581
18.496,301.2,4.9991,0.69569
18.492,301.21,4.9979,0.69556
18.496,301.2,4.9991,0.69543
18.492,301.21,4.9979,0.69531
18.496,301.2,4.9991,0.69518
18.492,301.21,4.9979,0.69505
18.496,301.2,4.9991,0.69493
18.492,301.21,4.9979,0.6948
18.496,301.2,4.9991,0.69467
18.492,301.21,4.9979,0.69454
18.496,301.2,4.9991,0.69442
18.492,301.21,4.9979,0.69429
18.496,301.2,4.9991,0.69416
18.492,301.21,4.9979,0.69403
18.496,301.2,4.9991,0.69391
18.492,301.21,4.9979,0.69378
18.496,301.2,4.9991,0.69365
18.492,301.21,4.9979,0.69353
18.496,301.2,4.9991,0.6934
18.492,301.21,4.9979,0.69327
18.496,301.2,4.9991,0.69315
18.492,301.21,4.9979,0.69302
18.496,301.2,4.9991,0.69289
18.492,301.21,4.9979,0.69276
18.496,301.2,4.9991,0.69264
18.492,301.21,4.9979,0.69251
18.496,301.2,4.9991,0.69238
18.492,301.21,4.9979,0.69225
18.496,301.2,4.9991,0.69213
18.492,301.21,4.9979,0.692
18.496,301.2,4.9991,0.69187
18.492,301.21,4.9979,0.69175
18.496,301.2,4.9991,0.69162
18.492,301.21,4.9979,0.69149
18.496,301.2,4.9991,0.69137
18.492,301.21,4.9979,0.69124
18.496,301.2,4.9991,0.69111
18.492,301.21,4.9979,0.69098
18.496,301.2,4.9991,0.69086
18.492,301.21,4.9979,0.69073
18.496,301.2,4.9991,0.6906
18.492,301.21,4.9979,0.69048
18.496,301.2,4.9991,0.69035
18.492,301.21,4.9979,0.69022
18.496,301.2,4.9991,0.69009
18.492,301.21,4.9979,0.68997
18.496,301.2,4.9991,0.68984
18.492,301.21,4.9979,0.68971
18.496,301.2,4.9991,0.68959
18.492,301.21,4.9979,0.68946
18.496,301.2,4.9991,0.68933
18.492,301.21,4.9979,0.6892
18.496,301.2,4.9991,0.68908
18.492,301.21,4.9979,0.68895
18.496,301.2,4.9991,0.68882
18.492,301.21,4.9979,0.6887
18.496,301.2,4.9991,0.68857
18.492,301.21,4.9979,0.68844
18.496,301.2,4.9991,0.68831
18.492,301.21,4.9979,0.68819
18.496,301.2,4.9991,0.68806
18.492,301.21,4.9979,0.68793
18.496,301.2,4.9991,0.68781
18.492,301.21,4.9979,0.68768
18.496,301.2,4.9991,0.68755
18.492,301.21,4.9979,0.68742
18.496,301.2,4.9991,0.6873
18.492,301.21,4.9979,0.68717
18.496,301.2,4.9991,0.68704
18.492,301.21,4.9979,0.68692
18.496,301.2,4.9991,0.68679
18.492,301.21,4.9979,0.68666
18.496,301.2,4.9991,0.68653
18.492,301.21,4.9979,0.68641
18.496,301.2,4.9991,0.68628
18.492,301.21,4.9979,0.68615
18.496,301.2,4.9991,0.68603
18.492,301.21,4.9979,0.6859
18.496,301.2,4.9991,0.68577
18.492,301.21,4.9979,0.68564
18.496,301.2,4.9991,0.68552
18.492,301.21,4.9979,0.68539
18.496,301.2,4.9991,0.68526
18.492,301.21,4.9979,0.68514
18.496,301.2,4.9991,0.68501
18.492,301.21,4.9979,0.68488
18.496,301.2,4.9991,0.68475
18.492,301.21,4.9979,0.68463
18.496,301.2,4.9991,0.6845
18.492,301.21,4.9979,0.68437
18.496,301.2,4.9991,0.68425
18.492,301.21,4.9979,0.68412
18.496,301.2,4.9991,0.68399
18.492,301.21,4.9979,0.68386
18.496,301.2,4.9991,0.68374
18.492,301.21,4.9979,0.68361
18.496,301.2,4.9991,0.68348
18.492,301.21,4.9979,0.68336
18.496,301.2,4.9991,0.68323
18.492,301.21,4.9979,0.6831
18.496,301.2,4.9991,0.68297
18.492,301.21,4.9979,0.68285
18.496,301.2,4.9991,0.68272
18.492,301.21,4.9979,0.68259
18.496,301.2,4.9991,0.68247
18.492,301.21,4.9979,0.68234
18.496,301.2,4.9991,0.68221
18.492,301.21,4.9979,0.68208
18.496,301.2,4.9991,0.68196
18.492,301.21,4.9979,0.68183
18.496,301.2,4.9991,0.6817
18.492,301.21,4.9979,0.68158
18.496,301.2,4.9991,0.68145
18.492,301.21,4.9979,0.68132
18.496,301.2,4.9991,0.68119
18.492,301.21,4.9979,0.68107
18.496,301.2,4.9991,0.68094
18.492,301.21,4.9979,0.68081
18.496,301.2,4.9991,0.68069
18.492,301.21,4.9979,0.68056
18.496,301.2,4.9991,0.68043
18.492,301.21,4.9979,0.6803
18.496,301.2,4.9991,0.68018
18.492,301.21,4.9979,0.68005
18.496,301.2,4.9991,0.67992
18.492,301.21,4.9979,0.6798
18.496,301.2,4.9991,0.67967
18.492,301.21,4.9979,0.67954
18.496,301.2,4.9991,0.67941
18.492,301.21,4.9979,0.67929
18.496,301.2,4.9991,0.67916
18.492,301.21,4.9979,0.67903
18.496,301.2,4.9991,0.67891
18.492,301.21,4.9979,0.67878
18.496,301.2,4.9991,0.67865
18.492,301.21,4.9979,0.67852
18.496,301.2,4.9991,0.6784
18.492,301.21,4.9979,0.67827
18.496,301.2,4.9991,0.67814
18.492,301.21,4.9979,0.67802
18.496,301.2,4.9991,0.67789
18.492,301.21,4.9979,0.67776
18.496,301.2,4.9991,0.67763
18.492,301.21,4.9979,0.67751
18.496,301.2,4.9991,0.67738
18.492,301.21,4.9979,0.67725
18.496,301.2,4.9991,0.67713
18.492,301.21,4.9979,0.677
18.496,301.2,4.9991,0.67687
18.492,301.21,4.9979,0.67674
18.496,301.2,4.9991,0.67662
18.492,301.21,4.9979,0.67649
18.496,301.2,4.9991,0.67636
18.492,301.21,4.9979,0.67624
18.496,301.2,4.9991,0.67611
18.492,301.21,4.9979,0.67598
18.496,301.2,4.9991,0.67585
18.492,301.21,4.9979,0.67573
18.496,301.2,4.9991,0.6756
18.492,301.21,4.9979,0.67547
18.496,301.2,4.9991,0.67535
18.492,301.21,4.9979,0.67522
18.496,301.2,4.9991,0.67509
18.492,301.21,4.9979,0.67496
18.496,301.2,4.9991,0.67484
18.492,301.21,4.9979,0.67471
18.496,301.2,4.9991,0.67458
18.492,301.21,4.9979,0.67446
18.496,301.2,4.9991,0.67433
18.492,301.21,4.9979,0.6742
18.496,301.2,4.9991,0.67407
18.492,301.21,4.9979,0.67395
18.496,301.2,4.9991,0.67382
18.492,301.21,4.9979,0.67369
18.496,301.2,4.9991,0.67357
18.492,301.21,4.9979,0.67344
18.496,301.2,4.9991,0.67331
18.492,301.21,4.9979,0.67318
18.496,301.2,4.9991,0.67306
18.492,301.21,4.9979,0.67293
18.496,301.2,4.9991,0.6728
18.492,301.21,4.9979,0.67268
18.496,301.2,4.9991,0.67255
18.492,301.21,4.9979,0.67242
18.496,301.2,4.9991,0.6723
18.492,301.21,4.9979,0.67217
18.496,301.2,4.9991,0.67204
18.492,301.21,4.9979,0.67191
18.496,301.2,4.9991,0.67179
18.492,301.21,4.9979,0.67166
18.496,301.2,4.9991,0.67153
18.492,301.21,4.9979,0.6714
18.496,301.2,4.9991,0.67128
18.492,301.21,4.9979,0.67115
18.496,301.2,4.9991,0.67102
18.492,301.21,4.9979,0.6709
18.496,301.2,4.9991,0.67077
18.492,301.21,4.9979,0.67064
18.496,301.2,4.9991,0.67052
18.492,301.21,4.9979,0.67039
18.496,301.2,4.9991,0.67026
18.492,301.21,4.9979,0.67013
18.496,301.2,4.9991,0.67001
18.492,301.21,4.9979,0.66988
18.496,301.2,4.9991,0.66975
18.492,301.21,4.9979,0.66962
18.496,301.2,4.9991,0.6695
18.492,301.21,4.9979,0.66937
18.496,301.2,4.9991,0.66924
18.492,301.21,4.9979,0.66912
18.496,301.2,4.9991,0.66899
18.492,301.21,4.9979,0.66886
18.496,301.2,4.9991,0.66874
18.492,301.21,4.9979,0.66861
18.496,301.2,4.9991,0.66848
18.492,301.21,4.9979,0.66835
18.496,301.2,4.9991,0.66823
18.492,301.21,4.9979,0.6681
18.496,301.2,4.9991,0.66797
18.492,301.21,4.9979,0.66784
18.496,301.2,4.9991,0.66772
18.492,301.21,4.9979,0.66759
18.496,301.2,4.9991,0.66746
18.492,301.21,4.9979,0.66734
18.496,301.2,4.9991,0.66721
18.492,301.21,4.9979,0.66708
18.496,301.2,4.9991,0.66696
18.492,301.21,4.9979,0.66683
18.496,301.2,4.9991,0.6667
18.492,301.21,4.9979,0.66657
18.496,301.2,4.9991,0.66645
18.492,301.21,4.9979,0.66632
18.496,301.2,4.9991,0.66619
18.492,301.21,4.9979,0.66606
18.496,301.2,4.9991,0.66594
18.492,301.21,4.9979,0.66581
18.496,301.2,4.9991,0.66568
18.492,301.21,4.9979,0.66556
18.496,301.2,4.9991,0.66543
18.492,301.21,4.9979,0.6653
18.496,301.2,4.9991,0.66518
18.492,301.21,4.9979,0.66505
18.496,301.2,4.9991,0.66492
18.492,301.21,4.9979,0.66479
18.496,301.2,4.9991,0.66467
18.492,301.21,4.9979,0.66454
18.496,301.2,4.9991,0.66441
18.492,301.21,4.9979,0.66428
18.496,301.2,4.9991,0.66416
18.492,301.21,4.9979,0.66403
18.496,301.2,4.9991,0.6639
18.492,301.21,4.9979,0.66378
18.496,301.2,4.9991,0.66365
18.492,301.21,4.9979,0.66352
18.496,301.2,4.9991,0.6634
18.492,301.21,4.9979,0.66327
18.496,301.2,4.9991,0.66314
18.492,301.21,4.9979,0.66301
18.496,301.2,4.9991,0.66289
18.492,301.21,4.9979,0.66276
18.496,301.2,4.9991,0.66263
18.492,301.21,4.9979,0.6625
18.496,301.2,4.9991,0.66238
18.492,301.21,4.9979,0.66225
18.496,301.2,4.9991,0.66212
18.492,301.21,4.9979,0.662
